﻿navn;kode;tekst
Afloebsforhold;1;Fælleskloakeret: spildevand + tag- og overfladevand
Afloebsforhold;2;Fælleskloakeret: spildevand + delvis tag- og overfladevand
Afloebsforhold;3;Fælleskloakeret: spildevand
Afloebsforhold;4;Fælleskloakeret: tag- og overfladevand
Afloebsforhold;5;Separatkloakeret: spildevand + tag- og overfladevand
Afloebsforhold;6;Separatkloakeret: spildevand + delvis tag- og overfladevand
Afloebsforhold;7;Separatkloakeret: spildevand
Afloebsforhold;8;Separatkloakeret: tag- og overfladevand
Afloebsforhold;9;Spildevandskloakeret: Spildevand
Afloebsforhold;10;Afløb til spildevandsforsyningens renseanlæg
Afloebsforhold;11;Afløb til fællesprivat spildevandsanlæg
Afloebsforhold;12;Afløb til fællesprivat kloakledning med tilslutning til spv. renseanlæg
Afloebsforhold;20;Afløb til samletank
Afloebsforhold;21;Afløb til samletank for toiletvand og mek. rensning af øvr. spildevand
Afloebsforhold;29;Mekanisk rensning med nedsivningsanlæg med tilladelse
Afloebsforhold;30;Mekanisk rensning med nedsivningsanlæg (tilladelse ikke påkrævet)
Afloebsforhold;31;Mekanisk rensning med privat udledn. dir. til vandløb, sø eller hav
Afloebsforhold;32;Mekanisk og biologisk rensning (ældre anlæg uden renseklasse)
Afloebsforhold;70;Udledning uden rensning direkte til vandløb, søer eller havet
Afloebsforhold;75;Blandet afløbsforhold på ejendommen (er specificeret på bygningen)
Afloebsforhold;80;Anden type afløb
Afloebsforhold;90;Ingen udledning
Afloebsforhold;101;SOP: Minirenseanlæg med direkte udledning
Afloebsforhold;102;SOP: Minirenseanlæg med udledning til markdræn
Afloebsforhold;103;SOP: Minirenseanlæg med nedsivning i faskine
Afloebsforhold;104;SOP: Nedsivning til sivedræn
Afloebsforhold;105;SOP: Samletank
Afloebsforhold;106;SOP: Pileanlæg med nedsivning (uden membran)
Afloebsforhold;107;SOP: Pileanlæg uden udledning (med membran)
Afloebsforhold;108;SOP: Beplantede filteranlæg med nedsivning i faskine
Afloebsforhold;109;SOP: Sandfiltre med P-fældning i bundfældningstanken og direkte udledning
Afloebsforhold;110;SOP: Sandfiltre med P-fældning i bundfældningstanken og udledning til markdræn
Afloebsforhold;190;SOP: Andet
Afloebsforhold;201;SO: Biologisk sandfilter med direkte udledning
Afloebsforhold;202;SO: Biologisk sandfilter med udledning til markdræn
Afloebsforhold;203;SO: Minirensanlæg med direkte udledning
Afloebsforhold;204;SO: Minirenseanlæg med udledning til markdræn
Afloebsforhold;205;SO: Beplantede filteranlæg med direkte udledning
Afloebsforhold;206;SO: Beplantede filteranlæg med udledning til markdræn
Afloebsforhold;290;SO: Andet
Afloebsforhold;301;OP: Minirenseanlæg med direkte udledning
Afloebsforhold;302;OP: Minirenseanlæg med udledning til markdræn
Afloebsforhold;390;OP: Andet
Afloebsforhold;401;O: Rodzoneanlæg med direkte udledning
Afloebsforhold;402;O: Rodzoneanlæg med udledning til markdræn
Afloebsforhold;403;O: Minirenseanlæg med direkte udledning
Afloebsforhold;404;O: Minirenseanlæg med udledning til markdræn
Afloebsforhold;490;O: Andet
Afloebsforhold;501;Øvrige renseløsninger: Mekanisk med direkte udledning
Afloebsforhold;502;Øvrige renseløsninger: Mekanisk med udledning til markdræn
Afloebsforhold;503;Øvrige renseløsninger: Ældre nedsivningsanlæg med nedsivning til sivebrønd
Afloebsforhold;504;Øvrige renseløsninger: Udledning til jordoverfladen
Afloebsforhold;505;Øvrige renseløsninger: Urenset
Afloebsforhold;590;Øvrige renseløsninger: Andet
Afloebsforhold;601;Anden type afløb (større end 30 PE med egen udledning)
Afloebsforhold;701;Intet afløb
