﻿navn;kode;tekst
Artskode;0;Vigtigste matrikelnummer på ejendommen (normalt med evt. bygning)
Artskode;1;Andre matrikelnumre på ejendommen
Artskode;2;Kode for ejerlejlighed
Artskode;3;Bygning på matrikelnummer (på lejet grund)
Artskode;4;Del af matrikelnummer (parcel) – [kan være fælleslod]
Artskode;5;Umatrikuleret areal
Artskode;6;Umatrikuleret havneareal
Artskode;7;Umatrikuleret jernbaneareal
Artskode;8;Bygning på umatrikuleret areal
Artskode;9;Bygning på umatrikuleret havneareal
Artskode;10;Bygning på umatrikuleret jernbaneareal
Artskode;20;Andet afgivet areal, f. eks. lejet grund
Artskode;21;Tilskyllet
Artskode;22;Bortskyllet
Artskode;23;Eksproprieret til
Artskode;24;Eksproprieret fra
Artskode;25;Dokumenteret arealafvigelse tillagt
Artskode;26;Dokumenteret arealafvigelse afgivet
Artskode;27;Tillagt ved jordfordeling
Artskode;28;Afgivet ved jordfordeling
Artskode;30;(Foreløbig) Vigtigste matrikelnummer på ejendommen (normalt med evt. bygning)
Artskode;31;(Foreløbig) Andre matrikelnumre på ejendommen
Artskode;32;(Foreløbig) Kode for ejerlejlighed
Artskode;33;(Foreløbig) Bygning på matrikelnummer (på lejet grund)
Artskode;34;(Foreløbig) Del af matrikelnummer (parcel)
Artskode;35;(Foreløbig) Umatrikuleret areal
Artskode;36;(Foreløbig) Umatrikuleret havneareal
Artskode;37;(Foreløbig) Umatrikuleret jernbaneareal
Artskode;38;(Foreløbig) Bygning på umatrikuleret havneareal
Artskode;39;(Foreløbig) Bygning på umatrikuleret havneareal
Artskode;40;(Foreløbig) Bygning på umatrikuleret jernbaneareal
