﻿navn;kode;tekst
BBRMessageAarsagskode;20;Denne BBR-Meddelelse er udskrevet på grund af ejerskifte.
BBRMessageAarsagskode;30;Denne BBR-Meddelelse er udskrevet efter rekvisition.
BBRMessageAarsagskode;31;Denne BBR-Andelsboligudskrift er udskrevet på grund af rekvisition.
BBRMessageAarsagskode;40;Denne BBR-Meddelelse er udskrevet på grund af afsluttet byggesag.
BBRMessageAarsagskode;41;Denne BBR-Meddelelse er udskrevet på grund af indflytning.
BBRMessageAarsagskode;45;Denne BBR-Meddelelse er udskrevet på grund af ændring uden byggesag.
BBRMessageAarsagskode;46;Denne BBR-Meddelelse er udskrevet på grund af opdeling af lejligheder.
BBRMessageAarsagskode;47;Denne BBR-Meddelelse er udskrevet på grund af sammenlægning af lejligheder.
BBRMessageAarsagskode;48;Denne BBR-Meddelelse er udskrevet på grund af opdeling/ændret opdeling i ejerlejligheder.
BBRMessageAarsagskode;50;Denne BBR-Meddelelse er udskrevet på grund af, at kommunen har foretaget rettelser af registreringen i BBR.
BBRMessageAarsagskode;51;De har til kommunen anmeldt et byggeri som ikke er færdigmeldt. Denne BBR-Meddelelse udskrives…
BBRMessageAarsagskode;70;Denne BBR-Meddelelse er udskrevet på grund af matrikulære ændringer.
BBRMessageAarsagskode;80;Denne BBR-Meddelelse er udskrevet fordi ejer selv eller andre har rettet, slettet eller tilføjet…
BBRMessageAarsagskode;81;Denne BBR-Meddelelse er udskrevet fordi skatteforvaltningen har rettet, slettet eller tilføjet…
