﻿navn;kode;tekst
BygAnvendelse;110;Stuehus til landbrugsejendom
BygAnvendelse;120;Fritliggende enfamiliehus
BygAnvendelse;121;Sammenbygget enfamiliehus
BygAnvendelse;122;Fritliggende enfamiliehus i tæt-lav bebyggelse
BygAnvendelse;130;(UDFASES) Række-, kæde-, eller dobbelthus (lodret adskillelse mellem enhederne).
BygAnvendelse;131;Række-, kæde- og klyngehus
BygAnvendelse;132;Dobbelthus
BygAnvendelse;140;Etagebolig-bygning, flerfamiliehus eller to-familiehus
BygAnvendelse;150;Kollegium
BygAnvendelse;160;Boligbygning til døgninstitution
BygAnvendelse;185;Anneks i tilknytning til helårsbolig.
BygAnvendelse;190;Anden bygning til helårsbeboelse
BygAnvendelse;210;(UDFASES) Bygning til erhvervsmæssig produktion vedrørende landbrug, gartneri, råstofudvinding o. lign
BygAnvendelse;211;Stald til svin
BygAnvendelse;212;Stald til kvæg, får mv.
BygAnvendelse;213;Stald til fjerkræ
BygAnvendelse;214;Minkhal
BygAnvendelse;215;Væksthus
BygAnvendelse;216;Lade til foder, afgrøder mv.
BygAnvendelse;217;Maskinhus,  garage mv.
BygAnvendelse;218;Lade til halm, hø mv.
BygAnvendelse;219;Anden bygning til landbrug mv.
BygAnvendelse;220;(UDFASES) Bygning til erhvervsmæssig produktion vedrørende industri, håndværk m.v. (fabrik, værksted o.lign.)
BygAnvendelse;221;Bygning til industri med integreret produktionsapparat
BygAnvendelse;222;Bygning til industri uden integreret produktionsapparat
BygAnvendelse;223;Værksted
BygAnvendelse;229;Anden bygning til produktion
BygAnvendelse;230;(UDFASES) El-, gas-, vand- eller varmeværk, forbrændingsanstalt m.v.
BygAnvendelse;231;Bygning til energiproduktion
BygAnvendelse;232;Bygning til forsyning- og energidistribution
BygAnvendelse;233;Bygning til vandforsyning
BygAnvendelse;234;Bygning til håndtering af affald og spildevand
BygAnvendelse;239;Anden bygning til energiproduktion og -distribution
BygAnvendelse;290;(UDFASES) Anden bygning til landbrug, industri etc.
BygAnvendelse;310;(UDFASES) Transport- og garageanlæg (fragtmandshal, lufthavnsbygning, banegårdsbygning, parkeringshus). Garage med plads til et eller to køretøjer registreres med anvendelseskode 910
BygAnvendelse;311;Bygning til jernbane- og busdrift
BygAnvendelse;312;Bygning til luftfart
BygAnvendelse;313;Bygning til parkering- og transportanlæg
BygAnvendelse;314;Bygning til parkering af flere end to køretøjer i tilknytning til boliger
BygAnvendelse;315;Havneanlæg
BygAnvendelse;319;Andet transportanlæg
BygAnvendelse;320;(UDFASES) Bygning til kontor, handel, lager, herunder offentlig administration
BygAnvendelse;321;Bygning til kontor
BygAnvendelse;322;Bygning til detailhandel
BygAnvendelse;323;Bygning til lager
BygAnvendelse;324;Butikscenter
BygAnvendelse;325;Tankstation
BygAnvendelse;329;Anden bygning til kontor, handel og lager
BygAnvendelse;330;(UDFASES) Bygning til hotel, restaurant, vaskeri, frisør og anden servicevirksomhed
BygAnvendelse;331;Hotel, kro eller konferencecenter med overnatning
BygAnvendelse;332;"Bed &amp; breakfast mv."
BygAnvendelse;333;Restaurant, café og konferencecenter uden overnatning
BygAnvendelse;334;Privat servicevirksomhed som frisør, vaskeri, netcafé mv.
BygAnvendelse;339;Anden bygning til serviceerhverv
BygAnvendelse;390;(UDFASES) Anden bygning til transport, handel etc
BygAnvendelse;410;(UDFASES) Bygning til biograf, teater, erhvervsmæssig udstilling, bibliotek, museum, kirke o. lign.
BygAnvendelse;411;Biograf, teater, koncertsted mv.
BygAnvendelse;412;Museum
BygAnvendelse;413;Bibliotek
BygAnvendelse;414;Kirke eller anden bygning til trosudøvelse for statsanerkendte trossamfund
BygAnvendelse;415;Forsamlingshus
BygAnvendelse;416;Forlystelsespark
BygAnvendelse;419;Anden bygning til kulturelle formål
BygAnvendelse;420;(UDFASES) Bygning til undervisning og forskning (skole, gymnasium, forskningslabratorium o.lign.).
BygAnvendelse;421;Grundskole
BygAnvendelse;422;Universitet
BygAnvendelse;429;Anden bygning til undervisning og forskning
BygAnvendelse;430;(UDFASES) Bygning til hospital, sygehjem, fødeklinik o. lign.
BygAnvendelse;431;Hospital og sygehus
BygAnvendelse;432;Hospice, behandlingshjem mv.
BygAnvendelse;433;Sundhedscenter, lægehus, fødeklinik mv.
BygAnvendelse;439;Anden bygning til sundhedsformål
BygAnvendelse;440;(UDFASES) Bygning til daginstitution
BygAnvendelse;441;Daginstitution
BygAnvendelse;442;Servicefunktion på døgninstitution
BygAnvendelse;443;Kaserne
BygAnvendelse;444;Fængsel, arresthus mv.
BygAnvendelse;449;Anden bygning til institutionsformål
BygAnvendelse;490;(UDFASES) Bygning til anden institution, herunder kaserne, fængsel o. lign.
BygAnvendelse;510;Sommerhus
BygAnvendelse;520;(UDFASES) Bygning til feriekoloni, vandrehjem o.lign. bortset fra sommerhus
BygAnvendelse;521;Feriecenter, center til campingplads mv.
BygAnvendelse;522;Bygning med ferielejligheder til erhvervsmæssig udlejning
BygAnvendelse;523;Bygning med ferielejligheder til eget brug
BygAnvendelse;529;Anden bygning til ferieformål
BygAnvendelse;530;(UDFASES) Bygning i forbindelse med idrætsudøvelse (klubhus, idrætshal, svømmehal o. lign.)
BygAnvendelse;531;Klubhus i forbindelse med fritid og idræt
BygAnvendelse;532;Svømmehal
BygAnvendelse;533;Idrætshal
BygAnvendelse;534;Tribune i forbindelse med stadion
BygAnvendelse;535;Bygning til træning og opstaldning af heste
BygAnvendelse;539;Anden bygning til idrætformål
BygAnvendelse;540;Kolonihavehus
BygAnvendelse;585;Anneks i tilknytning til fritids- og sommerhus
BygAnvendelse;590;Anden bygning til fritidsformål
BygAnvendelse;910;Garage (med plads til et eller to køretøjer)
BygAnvendelse;920;Carport
BygAnvendelse;930;Udhus
BygAnvendelse;940;Drivhus
BygAnvendelse;950;Fritliggende overdækning
BygAnvendelse;960;Fritliggende udestue
BygAnvendelse;970;Tiloversbleven landbrugsbygning
BygAnvendelse;990;Faldefærdig bygning
BygAnvendelse;999;Ukendt bygning
