﻿navn;kode;tekst
BygAfloebsforhold;1;Fælleskloakeret: spildevand + tag- og overfladevand
BygAfloebsforhold;2;Fælleskloakeret: spildevand + delvis tag- og overfladevand
BygAfloebsforhold;3;Fælleskloakeret: spildevand
BygAfloebsforhold;4;Fælleskloakeret: tag- og overfladevand
BygAfloebsforhold;5;Separatkloakeret: spildevand + tag- og overfladevand
BygAfloebsforhold;6;Separatkloakeret: spildevand + delvis tag- og overfladevand
BygAfloebsforhold;7;Separatkloakeret: spildevand
BygAfloebsforhold;8;Separatkloakeret: tag- og overfladevand
BygAfloebsforhold;9;Spildevandskloakeret: Spildevand
BygAfloebsforhold;10;Afløb til spildevandsforsyningens renseanlæg
BygAfloebsforhold;11;Afløb til fællesprivat spildevandsanlæg
BygAfloebsforhold;12;Afløb til fællesprivat kloakledning med tilslutning til spv. renseanlæg
BygAfloebsforhold;20;Afløb til samletank
BygAfloebsforhold;21;Afløb til samletank for toiletvand og mek. rensning af øvr. spildevand
BygAfloebsforhold;29;Mekanisk rensning med nedsivningsanlæg med tilladelse
BygAfloebsforhold;30;Mekanisk rensning med nedsivningsanlæg (tilladelse ikke påkrævet)
BygAfloebsforhold;31;Mekanisk rensning med privat udledn. dir. til vandløb, sø eller hav
BygAfloebsforhold;32;Mekanisk og biologisk rensning (ældre anlæg uden renseklasse)
BygAfloebsforhold;70;Udledning uden rensning direkte til vandløb, søer eller havet
BygAfloebsforhold;75;Blandet afløbsforhold på ejendommen (er specificeret på bygningen)
BygAfloebsforhold;80;Anden type afløb
BygAfloebsforhold;90;Ingen udledning
BygAfloebsforhold;101;SOP: Minirenseanlæg med direkte udledning
BygAfloebsforhold;102;SOP: Minirenseanlæg med udledning til markdræn
BygAfloebsforhold;103;SOP: Minirenseanlæg med nedsivning i faskine
BygAfloebsforhold;104;SOP: Nedsivning til sivedræn
BygAfloebsforhold;105;SOP: Samletank
BygAfloebsforhold;106;SOP: Pileanlæg med nedsivning (uden membran)
BygAfloebsforhold;107;SOP: Pileanlæg uden udledning (med membran)
BygAfloebsforhold;108;SOP: Beplantede filteranlæg med nedsivning i faskine
BygAfloebsforhold;109;SOP: Sandfiltre med P-fældning i bundfældningstanken og direkte udledning
BygAfloebsforhold;110;SOP: Sandfiltre med P-fældning i bundfældningstanken og udledning til markdræn
BygAfloebsforhold;190;SOP: Andet
BygAfloebsforhold;201;SO: Biologisk sandfilter med direkte udledning
BygAfloebsforhold;202;SO: Biologisk sandfilter med udledning til markdræn
BygAfloebsforhold;203;SO: Minirensanlæg med direkte udledning
BygAfloebsforhold;204;SO: Minirenseanlæg med udledning til markdræn
BygAfloebsforhold;205;SO: Beplantede filteranlæg med direkte udledning
BygAfloebsforhold;206;SO: Beplantede filteranlæg med udledning til markdræn
BygAfloebsforhold;290;SO: Andet
BygAfloebsforhold;301;OP: Minirenseanlæg med direkte udledning
BygAfloebsforhold;302;OP: Minirenseanlæg med udledning til markdræn
BygAfloebsforhold;390;OP: Andet
BygAfloebsforhold;401;O: Rodzoneanlæg med direkte udledning
BygAfloebsforhold;402;O: Rodzoneanlæg med udledning til markdræn
BygAfloebsforhold;403;O: Minirenseanlæg med direkte udledning
BygAfloebsforhold;404;O: Minirenseanlæg med udledning til markdræn
BygAfloebsforhold;490;O: Andet
BygAfloebsforhold;501;Øvrige renseløsninger: Mekanisk med direkte udledning
BygAfloebsforhold;502;Øvrige renseløsninger: Mekanisk med udledning til markdræn
BygAfloebsforhold;503;Øvrige renseløsninger: Ældre nedsivningsanlæg med nedsivning til sivebrønd
BygAfloebsforhold;504;Øvrige renseløsninger: Udledning til jordoverfladen
BygAfloebsforhold;505;Øvrige renseløsninger: Urenset
BygAfloebsforhold;590;Øvrige renseløsninger: Andet
BygAfloebsforhold;601;Anden type afløb (større end 30 PE med egen udledning)
BygAfloebsforhold;701;Intet afløb
