﻿navn;kode;tekst
Byggeskadeforsikringsselskab;0;Ingen byggeskadeforsikring
Byggeskadeforsikringsselskab;1;Tryg
Byggeskadeforsikringsselskab;2;Topdanmark
Byggeskadeforsikringsselskab;4;Codan
Byggeskadeforsikringsselskab;5;If Forsikring
Byggeskadeforsikringsselskab;6;Alm. Brand
Byggeskadeforsikringsselskab;7;Danske Forsikring
Byggeskadeforsikringsselskab;8;Caplloyd A/S
Byggeskadeforsikringsselskab;10;Købstædernes Forsikring
Byggeskadeforsikringsselskab;11;ALKA
Byggeskadeforsikringsselskab;12;Frida Forsikring Agentur
Byggeskadeforsikringsselskab;13;NemForsikring
Byggeskadeforsikringsselskab;14;AXA
Byggeskadeforsikringsselskab;15;Husejernes Forsikring
Byggeskadeforsikringsselskab;16;Garbo
Byggeskadeforsikringsselskab;17;Marsh og McLennan Agency A/S
Byggeskadeforsikringsselskab;18;First Marine
Byggeskadeforsikringsselskab;19;Domus Forsikring A/S
Byggeskadeforsikringsselskab;98;Dækket af byggeskadefonden
Byggeskadeforsikringsselskab;99;Ingen forsikring på grund af dispensation
