﻿navn;kode;tekst
BygherreForhold;10;Privatpersoner eller interessentskab
BygherreForhold;20;Alment boligselskab
BygherreForhold;30;Aktie-, anpart- eller andet selskab (undtagen interessent­skab)
BygherreForhold;40;Forening, legat eller selvejende institution
BygherreForhold;41;Privat andelsboligforening
BygherreForhold;50;Den kommune, hvori ejendommen er beliggende
BygherreForhold;60;Anden primærkommune
BygherreForhold;70;Region
BygherreForhold;80;Staten
BygherreForhold;90;Andet, herunder moderejendomme for bebyggelser, der er op­delt i ejerlejligheder samt ejendomme, der ejes af flere ka­te­gorier af ejere
