﻿navn;kode;tekst
Ejerforholdskode;10;Privatpersoner eller interessentskab
Ejerforholdskode;20;Alment boligselskab
Ejerforholdskode;30;Aktie-, anpart- eller andet selskab (undtagen interessent­skab)
Ejerforholdskode;40;Forening, legat eller selvejende institution
Ejerforholdskode;41;Privat andelsboligforening
Ejerforholdskode;50;Den kommune, hvori ejendommen er beliggende
Ejerforholdskode;60;Anden primærkommune
Ejerforholdskode;70;Region
Ejerforholdskode;80;Staten
Ejerforholdskode;90;Andet, herunder moderejendomme for bebyggelser, der er opdelt i ejerlejligheder samt ejendomme, der ejes af flere kategorier af ejere
Ejerforholdskode;99;Ikke beregnet
