﻿navn;kode;tekst
EnhAnvendelse;110;Stuehus til landbrugsejendom
EnhAnvendelse;120;Fritliggende enfamiliehus
EnhAnvendelse;121;Sammenbygget enfamiliehus
EnhAnvendelse;122;Fritliggende enfamiliehus i tæt-lav bebyggelse
EnhAnvendelse;130;(UDFASES) Række-, kæde- eller dobbelthus (lodret adskillelse mellem enhederne).
EnhAnvendelse;131;Række-, kæde- og klyngehus
EnhAnvendelse;132;Dobbelthus
EnhAnvendelse;140;Bolig i etageejendom, flerfamiliehus eller to-familiehus
EnhAnvendelse;150;Kollegiebolig
EnhAnvendelse;160;Bolig i døgninstitution
EnhAnvendelse;185;Anneks i tilknytning til helårsbolig
EnhAnvendelse;190;Anden enhed til helårsbeboelse
EnhAnvendelse;210;(UDFASES) Erhvervsmæssig produktion vedrørende landbrug, skovbrug, gartneri, råstofudvinding og lign.
EnhAnvendelse;211;Stald til svin
EnhAnvendelse;212;Stald til kvæg, får mv.
EnhAnvendelse;213;Stald til fjerkræ
EnhAnvendelse;214;Minkhal
EnhAnvendelse;215;Væksthus
EnhAnvendelse;216;Lade til foder, afgrøder mv.
EnhAnvendelse;217;Maskinhus,  garage mv.
EnhAnvendelse;218;Lade til halm, hø mv.
EnhAnvendelse;219;Anden enhed til landbrug mv.
EnhAnvendelse;220;(UDFASES) Erhvervsmæssig produktion vedrørende industri, håndværk m.v. (fabrik, værksted o. lign.)
EnhAnvendelse;221;Enhed til industri med integreret produktionsapparat
EnhAnvendelse;222;Enhed til industri uden integreret produktionsapparat
EnhAnvendelse;223;Værksted
EnhAnvendelse;229;Anden enhed til produktion
EnhAnvendelse;230;(UDFASES) El-, gas-, vand- eller varmeværk, forbrændingsanstalt o. lign.
EnhAnvendelse;231;Enhed til energiproduktion
EnhAnvendelse;232;Enhed til forsyning- og energidistribution
EnhAnvendelse;233;Enhed til vandforsyning
EnhAnvendelse;234;Enhed til håndtering af affald og spildevand
EnhAnvendelse;239;Anden enhed til energiproduktion og -distribution
EnhAnvendelse;290;(UDFASES) Anden enhed til produktion og lager i forbindelse med landbrug, industri o. lign.
EnhAnvendelse;310;(UDFASES) Transport- og garageanlæg (fragtmandshal, lufthavnsbygning,banegårdsbygning o. lign.)
EnhAnvendelse;311;Enhed til jernbane- og busdrift
EnhAnvendelse;312;Enhed til luftfart
EnhAnvendelse;313;Enhed til parkerings- og transportanlæg
EnhAnvendelse;314;Enhed til parkering af flere end to køretøjer i tilknytning til boliger
EnhAnvendelse;315;Havneanlæg
EnhAnvendelse;319;Andet transportanlæg
EnhAnvendelse;320;(UDFASES) Engroshandel og lager.
EnhAnvendelse;321;Enhed til kontor
EnhAnvendelse;322;Enhed til detailhandel
EnhAnvendelse;323;Enhed til lager
EnhAnvendelse;324;Butikscenter
EnhAnvendelse;325;Tankstation
EnhAnvendelse;329;Anden enhed til kontor, handel og lager
EnhAnvendelse;330;(UDFASES) Detailhandel m.v.
EnhAnvendelse;331;Hotel, kro eller konferencecenter med overnatning
EnhAnvendelse;332;"Bed &amp; breakfast mv."
EnhAnvendelse;333;Restaurant, café og konferencecenter uden overnatning
EnhAnvendelse;334;Privat servicevirksomhed som frisør, vaskeri, netcafé mv.
EnhAnvendelse;339;Anden enhed til serviceerhverv
EnhAnvendelse;340;(UDFASES) Pengeinstitut, forsikringsvirksomhed m.v.
EnhAnvendelse;350;(UDFASES) Kontor og liberale erhverv bortset fra offentlig administration  (kontorer for advokater, rådgivende ingeniører, klinikker o.lign.)
EnhAnvendelse;360;(UDFASES) Offentlig administration.
EnhAnvendelse;370;(UDFASES) Hotel, restauration, vaskeri, frisør og anden servicevirksomhed.
EnhAnvendelse;390;(UDFASES) Anden enhed til handel, transport etc.
EnhAnvendelse;410;(UDFASES) Biograf, teater, erhvervsmæssig udstilling m.v.
EnhAnvendelse;411;Biograf, teater, koncertsted mv.
EnhAnvendelse;412;Museum
EnhAnvendelse;413;Bibliotek
EnhAnvendelse;414;Kirke eller anden enhed til trosudøvelse for statsanerkendte trossamfund
EnhAnvendelse;415;Forsamlingshus
EnhAnvendelse;416;Forlystelsespark
EnhAnvendelse;419;Anden enhed til kulturelle formål
EnhAnvendelse;420;(UDFASES) Bibliotek, museum, kirke o. lign.
EnhAnvendelse;421;Grundskole
EnhAnvendelse;422;Universitet
EnhAnvendelse;429;Anden enhed til undervisning og forskning
EnhAnvendelse;430;(UDFASES) Undervisning og forskning (skole, gymnasium, forskningslaboratorium).
EnhAnvendelse;431;Hospital og sygehus
EnhAnvendelse;432;Hospice, behandlingshjem mv.
EnhAnvendelse;433;Sundhedscenter, lægehus, fødeklinik mv.
EnhAnvendelse;439;Anden enhed til sundhedsformål
EnhAnvendelse;440;(UDFASES) Hospital, fødeklinik o. lign.
EnhAnvendelse;441;Daginstitution
EnhAnvendelse;442;Servicefunktion på døgninstitution
EnhAnvendelse;443;Kaserne
EnhAnvendelse;444;Fængsel, arresthus mv.
EnhAnvendelse;449;Anden enhed til institutionsformål
EnhAnvendelse;450;(UDFASES) Daginstitution.
EnhAnvendelse;490;(UDFASES) Anden institution, herunder kaserne, fængsel m.v.
EnhAnvendelse;510;Sommerhus.
EnhAnvendelse;520;(UDFASES) Enhed til feriekoloni, vandrehjem o.lign. bortset fra sommerhus
EnhAnvendelse;521;Feriecenter, center til campingplads mv.
EnhAnvendelse;522;Ferielejlighed til erhvervsmæssig udlejning
EnhAnvendelse;523;Ferielejlighed til eget brug
EnhAnvendelse;529;Anden enhed til ferieformål
EnhAnvendelse;530;(UDFASES) Enhed i forbindelse med idrætsudøvelse (klubhus, idrætshal, svømmehal o. lign.).
EnhAnvendelse;531;Klubhus i forbindelse med fritid- og idræt
EnhAnvendelse;532;Svømmehal
EnhAnvendelse;533;Idrætshal
EnhAnvendelse;534;Tribune i forbindelse med stadion
EnhAnvendelse;535;Enhed til træning og opstaldning af heste
EnhAnvendelse;539;Anden enhed til idrætsformål
EnhAnvendelse;540;Kolonihavehus
EnhAnvendelse;585;Anneks i tilknytning til fritids- og sommerhus
EnhAnvendelse;590;Anden enhed til fritidsformål
