﻿navn;kode;tekst
ForretningsProcess;0;Ikke angivet
ForretningsProcess;1;Oprettet grundet nybyggeri
ForretningsProcess;2;Opdateret grundet til/ombygning
ForretningsProcess;3;Opdateret grundet nedrivning
ForretningsProcess;4;Fejlrettelse af faktiske fejlregistreringer og udeladelser
ForretningsProcess;5;Faktisk udført ændring uden byggesagsbehandling
ForretningsProcess;6;Opdeling af enheder
ForretningsProcess;7;Sammenlægning af enheder
ForretningsProcess;8;Opdateret som følge af digital indberetning fra borger mm.
ForretningsProcess;9;Opdateret som følge af digital indberetning fra SKAT
ForretningsProcess;10;Anmeldelsessag
ForretningsProcess;11;Tilladelsessag
ForretningsProcess;12;Opdateret grundet ændring i grunddataregister: Matriklen
ForretningsProcess;13;Opdateret grundet ændring i grunddataregister: DAR
ForretningsProcess;14;Opdateret grundet ændring i grunddataregister: Ejerfortegnelsen
ForretningsProcess;15;Opdateret grundet ændring i grunddataregister: Ejendomsbeliggenhedsregisteret
ForretningsProcess;16;Automatisk lukning af anmeldelsessag
ForretningsProcess;17;Flytning af underliggende elementer på matrikel (Matrikulær ændring)
ForretningsProcess;18;Fordelingsareal af fordelingsareal
ForretningsProcess;19;Opdateret grundet ændret Sikkerhedsklassificering
ForretningsProcess;20;Fremdatering af indflytning
ForretningsProcess;21;Opdatering af indberetning
ForretningsProcess;22;ESR Event Processering
ForretningsProcess;23;AWS Event Processering
ForretningsProcess;24;Indberetnings services
ForretningsProcess;25;SKATServices
ForretningsProcess;26;EnergiindberetningProcessering
ForretningsProcess;27;EJDbATilknytningHusnummerService
ForretningsProcess;28;BPFG Tilknyttet gennem Ajorføring hos MU
