﻿navn;kode;tekst
Fredning;1;Bygningen fredet iht. bygningsfredningsloven
Fredning;2;Som 1, men med tinglyste bevaringsbestemmelser jf. lovens §15
Fredning;3;Tinglyst bevaringsdeklaration, men bygningen ikke fredet
Fredning;4;På bygningens middelalderlige bygningsdele er der tinglyst fredningsbestemmelser
Fredning;5;Bygningen indeholder middelalderlige bygningsdele
Fredning;6;Bygningen og dens umiddelbare omgivelser fredet iht. bygningsfredningsloven
Fredning;7;Som 6, men med tinglyst bevaringsdeklaration
Fredning;8;Bygningen bevaringsværdig
Fredning;9;Bygningen medtaget i registrant, bevaringsplan mm.
