﻿navn;kode;tekst
GruAfloebsforhold;1;Fælleskloakeret: spildevand + tag- og overfladevand
GruAfloebsforhold;2;Fælleskloakeret: spildevand + delvis tag- og overfladevand
GruAfloebsforhold;3;Fælleskloakeret: spildevand
GruAfloebsforhold;4;Fælleskloakeret: tag- og overfladevand
GruAfloebsforhold;5;Separatkloakeret: spildevand + tag- og overfladevand
GruAfloebsforhold;6;Separatkloakeret: spildevand + delvis tag- og overfladevand
GruAfloebsforhold;7;Separatkloakeret: spildevand
GruAfloebsforhold;8;Separatkloakeret: tag- og overfladevand
GruAfloebsforhold;9;Spildevandskloakeret: Spildevand
GruAfloebsforhold;10;Afløb til spildevandsforsyningens renseanlæg
GruAfloebsforhold;11;Afløb til fællesprivat spildevandsanlæg
GruAfloebsforhold;12;Afløb til fællesprivat kloakledning med tilslutning til spv. renseanlæg
GruAfloebsforhold;20;Afløb til samletank
GruAfloebsforhold;21;Afløb til samletank for toiletvand og mek. rensning af øvr. spildevand
GruAfloebsforhold;29;Mekanisk rensning med nedsivningsanlæg med tilladelse
GruAfloebsforhold;30;Mekanisk rensning med nedsivningsanlæg (tilladelse ikke påkrævet)
GruAfloebsforhold;31;Mekanisk rensning med privat udledn. dir. til vandløb, sø eller hav
GruAfloebsforhold;32;Mekanisk og biologisk rensning (ældre anlæg uden renseklasse)
GruAfloebsforhold;70;Udledning uden rensning direkte til vandløb, søer eller havet
GruAfloebsforhold;75;Blandet afløbsforhold på ejendommen (er specificeret på bygningen)
GruAfloebsforhold;80;Anden type afløb
GruAfloebsforhold;90;Ingen udledning
GruAfloebsforhold;101;SOP: Minirenseanlæg med direkte udledning
GruAfloebsforhold;102;SOP: Minirenseanlæg med udledning til markdræn
GruAfloebsforhold;103;SOP: Minirenseanlæg med nedsivning i faskine
GruAfloebsforhold;104;SOP: Nedsivning til sivedræn
GruAfloebsforhold;105;SOP: Samletank
GruAfloebsforhold;106;SOP: Pileanlæg med nedsivning (uden membran)
GruAfloebsforhold;107;SOP: Pileanlæg uden udledning (med membran)
GruAfloebsforhold;108;SOP: Beplantede filteranlæg med nedsivning i faskine
GruAfloebsforhold;109;SOP: Sandfiltre med P-fældning i bundfældningstanken og direkte udledning
GruAfloebsforhold;110;SOP: Sandfiltre med P-fældning i bundfældningstanken og udledning til markdræn
GruAfloebsforhold;190;SOP: Andet
GruAfloebsforhold;201;SO: Biologisk sandfilter med direkte udledning
GruAfloebsforhold;202;SO: Biologisk sandfilter med udledning til markdræn
GruAfloebsforhold;203;SO: Minirensanlæg med direkte udledning
GruAfloebsforhold;204;SO: Minirenseanlæg med udledning til markdræn
GruAfloebsforhold;205;SO: Beplantede filteranlæg med direkte udledning
GruAfloebsforhold;206;SO: Beplantede filteranlæg med udledning til markdræn
GruAfloebsforhold;290;SO: Andet
GruAfloebsforhold;301;OP: Minirenseanlæg med direkte udledning
GruAfloebsforhold;302;OP: Minirenseanlæg med udledning til markdræn
GruAfloebsforhold;390;OP: Andet
GruAfloebsforhold;401;O: Rodzoneanlæg med direkte udledning
GruAfloebsforhold;402;O: Rodzoneanlæg med udledning til markdræn
GruAfloebsforhold;403;O: Minirenseanlæg med direkte udledning
GruAfloebsforhold;404;O: Minirenseanlæg med udledning til markdræn
GruAfloebsforhold;490;O: Andet
GruAfloebsforhold;501;Øvrige renseløsninger: Mekanisk med direkte udledning
GruAfloebsforhold;502;Øvrige renseløsninger: Mekanisk med udledning til markdræn
GruAfloebsforhold;503;Øvrige renseløsninger: Ældre nedsivningsanlæg med nedsivning til sivebrønd
GruAfloebsforhold;504;Øvrige renseløsninger: Udledning til jordoverfladen
GruAfloebsforhold;505;Øvrige renseløsninger: Urenset
GruAfloebsforhold;590;Øvrige renseløsninger: Andet
GruAfloebsforhold;601;Anden type afløb (større end 30 PE med egen udledning)
GruAfloebsforhold;701;Intet afløb
