﻿navn;kode;tekst
Indhold;10;Mineralske olieprodukter (Olietankbekendtgørelsens §6, stk. 1 nr. 13)
Indhold;11;Fuelolie (”tung fuelolie” - kræver opvarmning)
Indhold;12;Fyringsgasolie
Indhold;13;Autogasolie (Dieselolie)
Indhold;14;Benzin
Indhold;20;Biobrændstoffer (Organiske olieprodukter som f.eks. rapsolie, bioethanol m.v.)
Indhold;30;Affaldsprodukter
Indhold;31;Oliebaserede affaldsprodukter (Spildolie)
Indhold;40;Gylle
Indhold;50;Ajle, ensilagesaft, mælkerumsvand eller møddingvand
Indhold;60;Øvrige stoffer, produkter og materialer der kan forurene grundvand, jord og undergrund (§ 19)
Indhold;70;Korn
Indhold;99;Andet (f.eks. foderstoffer m.v)
