﻿navn;kode;tekst
Klassifikation;1110;Tank
Klassifikation;1120;Silo
Klassifikation;1130;Gasbeholder
Klassifikation;1140;Affaldsbeholder
Klassifikation;1210;Vindmølle
Klassifikation;1220;Slanger til jordvarme
Klassifikation;1230;Solcelleanlæg
Klassifikation;1235;Solvarmeanlæg
Klassifikation;1240;Nødstrømsforsyningsanlæg
Klassifikation;1250;Transformerstation
Klassifikation;1255;Oliefyr
Klassifikation;1260;Elskab
Klassifikation;1265;Naturgasfyr
Klassifikation;1270;(UDFASES) Andet energiproducerende eller - distribuerende anlæg
Klassifikation;1275;Halmfyr
Klassifikation;1280;Biogasanlæg
Klassifikation;1285;Pillefyr
Klassifikation;1290;Brændeovn
Klassifikation;1295;Andet energianlæg
Klassifikation;1310;Vandtårn
Klassifikation;1320;Pumpestation
Klassifikation;1330;Swimmingpool
Klassifikation;1340;Privat rensningsanlæg
Klassifikation;1350;Offentlige rensningsanlæg
Klassifikation;1360;Regnvandsanlæg
Klassifikation;1905;Legeplads
Klassifikation;1910;Teknikhus
Klassifikation;1915;Døgnpostboks
Klassifikation;1920;Køleanlæg
Klassifikation;1925;Kunstværk
Klassifikation;1930;Sirene / mast med sirene
Klassifikation;1935;Skilt
Klassifikation;1940;Antenne og mast med antenne
Klassifikation;1945;Dambrug
Klassifikation;1950;Møddingsanlæg
Klassifikation;1955;Andet teknisk anlæg
Klassifikation;1960;Ensilageanlæg
Klassifikation;1965;Planlager
Klassifikation;1970;Fortidsminde, historisk ruin
