﻿navn;kode;tekst
Kommunekode;0101;Københavns Kommune
Kommunekode;0147;Frederiksberg Kommune
Kommunekode;0151;Ballerup Kommune
Kommunekode;0153;Brøndby Kommune
Kommunekode;0155;Dragør Kommune
Kommunekode;0157;Gentofte Kommune
Kommunekode;0159;Gladsaxe Kommune
Kommunekode;0161;Glostrup Kommune
Kommunekode;0163;Herlev Kommune
Kommunekode;0165;Albertslund Kommune
Kommunekode;0167;Hvidovre Kommune
Kommunekode;0169;Høje Taastrup Kommune
Kommunekode;0173;Lyngby-Taarbæk Kommune
Kommunekode;0175;Rødovre Kommune
Kommunekode;0183;Ishøj Kommune
Kommunekode;0185;Tårnby Kommune
Kommunekode;0187;Vallensbæk Kommune
Kommunekode;0190;Furesø Kommune
Kommunekode;0201;Allerød Kommune
Kommunekode;0210;Fredensborg Kommune
Kommunekode;0217;Helsingør Kommune
Kommunekode;0219;Hillerød Kommune
Kommunekode;0223;Hørsholm Kommune
Kommunekode;0230;Rudersdal Kommune
Kommunekode;0240;Egedal Kommune
Kommunekode;0250;Frederikssund Kommune
Kommunekode;0253;Greve Kommune
Kommunekode;0259;Køge Kommune
Kommunekode;0260;Halsnæs Kommune
Kommunekode;0265;Roskilde Kommune
Kommunekode;0269;Solrød Kommune
Kommunekode;0270;Gribskov Kommune
Kommunekode;0306;Odsherred Kommune
Kommunekode;0316;Holbæk Kommune
Kommunekode;0320;Faxe Kommune
Kommunekode;0326;Kalundborg Kommune
Kommunekode;0329;Ringsted Kommune
Kommunekode;0330;Slagelse Kommune
Kommunekode;0336;Stevns Kommune
Kommunekode;0340;Sorø Kommune
Kommunekode;0350;Lejre Kommune
Kommunekode;0360;Lolland Kommune
Kommunekode;0370;Næstved Kommune
Kommunekode;0376;Guldborgsund Kommune
Kommunekode;0390;Vordingborg Kommune
Kommunekode;0400;Bornholms Regionskommune
Kommunekode;0410;Middelfart Kommune
Kommunekode;0420;Assens Kommune
Kommunekode;0430;Faaborg-Midtfyn Kommune
Kommunekode;0440;Kerteminde Kommune
Kommunekode;0450;Nyborg Kommune
Kommunekode;0461;Odense Kommune
Kommunekode;0479;Svendborg Kommune
Kommunekode;0480;Nordfyns Kommune
Kommunekode;0482;Langeland Kommune
Kommunekode;0492;Ærø Kommune
Kommunekode;0510;Haderslev Kommune
Kommunekode;0530;Billund Kommune
Kommunekode;0540;Sønderborg Kommune
Kommunekode;0550;Tønder Kommune
Kommunekode;0561;Esbjerg Kommune
Kommunekode;0563;Fanø Kommune
Kommunekode;0573;Varde Kommune
Kommunekode;0575;Vejen Kommune
Kommunekode;0580;Aabenraa Kommune
Kommunekode;0607;Fredericia Kommune
Kommunekode;0615;Horsens Kommune
Kommunekode;0621;Kolding Kommune
Kommunekode;0630;Vejle Kommune
Kommunekode;0657;Herning Kommune
Kommunekode;0661;Holstebro Kommune
Kommunekode;0665;Lemvig Kommune
Kommunekode;0671;Struer Kommune
Kommunekode;0706;Syddjurs Kommune
Kommunekode;0707;Norddjurs Kommune
Kommunekode;0710;Favrskov Kommune
Kommunekode;0727;Odder Kommune
Kommunekode;0730;Randers Kommune
Kommunekode;0740;Silkeborg Kommune
Kommunekode;0741;Samsø Kommune
Kommunekode;0746;Skanderborg Kommune
Kommunekode;0751;Aarhus Kommune
Kommunekode;0756;Ikast-Brande Kommune
Kommunekode;0760;Ringkøbing-Skjern Kommune
Kommunekode;0766;Hedensted Kommune
Kommunekode;0773;Morsø Kommune
Kommunekode;0779;Skive Kommune
Kommunekode;0787;Thisted Kommune
Kommunekode;0791;Viborg Kommune
Kommunekode;0810;Brønderslev Kommune
Kommunekode;0813;Frederikshavn Kommune
Kommunekode;0820;Vesthimmerlands Kommune
Kommunekode;0825;Læsø Kommune
Kommunekode;0840;Rebild Kommune
Kommunekode;0846;Mariagerfjord Kommune
Kommunekode;0849;Jammerbugt Kommune
Kommunekode;0851;Aalborg Kommune
Kommunekode;0860;Hjørring Kommune
