﻿navn;kode;tekst
Livscyklus;1;Start
Livscyklus;2;Projekteret
Livscyklus;3;Under opførsel
Livscyklus;4;Sagsgrund
Livscyklus;5;Oprettet
Livscyklus;6;Opført
Livscyklus;7;Gældende
Livscyklus;8;Godkendt
Livscyklus;9;Afsluttet
Livscyklus;10;Historisk
Livscyklus;11;Fejlregistreret
Livscyklus;12;Midlertidig Afsluttet
Livscyklus;13;Delvis Afsluttet
Livscyklus;14;Henlagt
Livscyklus;15;Modtaget
Livscyklus;16;UnderBehandling
Livscyklus;17;Fejl
Livscyklus;18;Udført
Livscyklus;19;Foreløbig
