﻿navn;kode;tekst
SupplerendeOplysningerOmKoordinatsaet;11;Koordinatsæt ligger i bygningen/anlægget (over jorden)
SupplerendeOplysningerOmKoordinatsaet;12;Koordinatsæt ligger i bygningen/anlægget (under jorden)
SupplerendeOplysningerOmKoordinatsaet;21;Koordinatsæt ligger i bygningen/anlægget (over jorden)
SupplerendeOplysningerOmKoordinatsaet;22;Koordinatsæt ligger i bygningen/anlægget (under jorden)
SupplerendeOplysningerOmKoordinatsaet;31;Koordinatsæt ligger på matriklen
SupplerendeOplysningerOmKoordinatsaet;32;Ukendt
