﻿navn;kode;tekst
SupplerendeAnvendelseskode;210;Bygning til erhvervsmæssig produktion vedrørende landbrug, gartneri, råstofudvinding o. lign
SupplerendeAnvendelseskode;220;Bygning til erhvervsmæssig produktion vedrørende industri, håndværk m.v.
SupplerendeAnvendelseskode;230;El-, gas-, vand- eller varmeværk, forbrændingsanstalt m.v.
SupplerendeAnvendelseskode;290;Anden bygning til landbrug, industri etc.
SupplerendeAnvendelseskode;310;Transport- og garageanlæg (fragtmandshal, lufthavnsbygning, banegårdsbygning, parkeringshus). Garage med plads til et eller to køretøjer registreres med anvendelseskode 910
SupplerendeAnvendelseskode;320;Bygning til kontor, handel, lager, herunder offentlig administration
SupplerendeAnvendelseskode;330;Bygning til hotel, restaurant, vaskeri, frisør og anden servicevirksomhed
SupplerendeAnvendelseskode;390;Anden bygning til transport, handel etc
SupplerendeAnvendelseskode;410;Bygning til biograf, teater, erhvervsmæssig udstilling, bibliotek, museum, kirke o. lign.
SupplerendeAnvendelseskode;420;Bygning til undervisning og forskning.
SupplerendeAnvendelseskode;430;Bygning til hospital, sygehjem, fødeklinik o. lign.
SupplerendeAnvendelseskode;440;Bygning til daginstitution
SupplerendeAnvendelseskode;490;Bygning til anden institution, herunder kaserne, fængsel o. lign.
SupplerendeAnvendelseskode;520;Bygning til ferieformål m.v., bortset fra sommerhus (feriekoloni, vandrehjem o. lign.)
SupplerendeAnvendelseskode;530;Bygning i forbindelse med idrætsudøvelse (klubhus, idrætshal, svømmehal o. lign.)
SupplerendeAnvendelseskode;590;Anden bygning til fritidsformål
