﻿navn;kode;tekst
Tagdaekningsmateriale;1;Tagpap med lille hældning
Tagdaekningsmateriale;2;Tagpap med stor hældning
Tagdaekningsmateriale;3;Fibercement herunder asbest
Tagdaekningsmateriale;4;Betontagsten
Tagdaekningsmateriale;5;Tegl
Tagdaekningsmateriale;6;Metal
Tagdaekningsmateriale;7;Stråtag
Tagdaekningsmateriale;10;Fibercement uden asbest
Tagdaekningsmateriale;11;Plastmaterialer
Tagdaekningsmateriale;12;Glas
Tagdaekningsmateriale;20;Levende tage
Tagdaekningsmateriale;80;(UDFASES) Ingen
Tagdaekningsmateriale;90;Andet materiale
