﻿navn;kode;tekst
Udledningstilladelse;0;Ikke oplyst
Udledningstilladelse;1;Udledningstilladelse mangler
Udledningstilladelse;2;Renseanlæg etableret før 1974, derfor ikke behov for tilladelse
Udledningstilladelse;3;Udledningstilladelse til enkeltprivat renseanlæg
Udledningstilladelse;4;Udledningstilladelse til fællesprivat renseanlæg
Udledningstilladelse;5;Der foreligger ingen kendt tilladelse
Udledningstilladelse;6;Der foreligger tilladelse
Udledningstilladelse;7;Tilladelsesforhold er oplyst på bygningsniveau
