﻿schema;name;length;type;fme_data_type
BBRSagList;byggesags_tekst;100;int;fme_int32
BBRSagList;forretningshændelse;50;tekst;fme_varchar(50)
BBRSagList;forretningsområde;50;tekst;fme_varchar(50)
BBRSagList;forretningsproces;50;int;fme_int32
BBRSagList;forretningsproces_tekst;100;tekst;fme_varchar(100)
BBRSagList;id_lokalId;50;tekst;fme_varchar(50)
BBRSagList;id_namespace;50;tekst;fme_varchar(50)
BBRSagList;kommune_teskt;50;tekst;fme_varchar(50)
BBRSagList;kommunekode;4;tekst;fme_varchar(4)
BBRSagList;registreringFra;50;datetime;fme_datetime
BBRSagList;registreringTil;0;datetime;fme_datetime
BBRSagList;registreringsaktør;50;tekst;fme_varchar(50)
BBRSagList;sag001Byggesagsnummer;50;tekst;fme_varchar(50)
BBRSagList;sag002Byggesagsdato;50;datetime;fme_datetime
BBRSagList;sag003Byggetilladelsesdato;50;datetime;fme_datetime
BBRSagList;sag004ForventetPåbegyndelsesdato;50;datetime;fme_datetime
BBRSagList;sag005Påbegyndelsesdato;50;datetime;fme_datetime
BBRSagList;sag006IbrugtagningsTilladelse;50;datetime;fme_datetime
BBRSagList;sag007Henlæggelse;50;datetime;fme_datetime
BBRSagList;sag008FærdigtBygningsareal;50;int;fme_int32
BBRSagList;sag009ForventetFuldførtDato;50;datetime;fme_datetime
BBRSagList;sag010FuldførelseAfByggeri;50;datetime;fme_datetime
BBRSagList;sag012Byggesagskode;50;int;fme_int32
BBRSagList;sag012Byggesagskode_tekst;100;tekst;fme_varchar(100)
BBRSagList;sag013AnmeldelseAfByggearbejde;50;datetime;fme_datetime
BBRSagList;sag016DelvisIbrugtagningsTilladelse;50;datetime;fme_datetime
BBRSagList;sag017ForeløbigFærdiggjortBygningsareal;50;int;fme_int32
BBRSagList;sag018ForeløbigFærdiggjortAntalLejligheder;50;int;fme_int32
BBRSagList;sag019Bygherreforhold;50;int;fme_int32
BBRSagList;sag019Bygherreforhold_tekst;100;tekst;fme_varchar(100)
BBRSagList;sag024DatoForModtagelseAfAnsøgningOmByggetilladelse;50;datetime;fme_datetime
BBRSagList;sag025DatoForFyldestgørendeAnsøgning;50;datetime;fme_datetime
BBRSagList;sag026DatoForNaboorientering;50;datetime;fme_datetime
BBRSagList;sag027DatoForFærdigbehandlingAfNaboorientering;50;datetime;fme_datetime
BBRSagList;sag032Litra;50;tekst;fme_varchar(50)
BBRSagList;sag033ForeløbigFærdiggjortAntalLejlighederUdenKøkken;50;int;fme_int32
BBRSagList;status;50;int;fme_int32
BBRSagList;status_tekst;50;tekst;fme_varchar(50)
BBRSagList;virkningFra;50;datetime;fme_datetime
BBRSagList;virkningTil;0;datetime;fme_datetime
BBRSagList;virkningsaktør;50;tekst;fme_varchar(50)
BBRSagList;xTid;0;datetime;fme_datetime