﻿schema;name;length;type;fme_data_type
BygningList;byg007Bygningsnummer;50;int;fme_int32
BygningList;byg021BygningensAnvendelse;50;int;fme_int32
BygningList;byg021BygningensAnvendelse_tekst;200;tekst;fme_varchar(200)
BygningList;byg024AntalLejlighederMedKøkken;0;int;fme_int32
BygningList;byg025AntalLejlighederUdenKøkken;0;int;fme_int32
BygningList;byg026Opførelsesår;50;int;fme_int32
BygningList;byg027OmTilbygningsår;50;int;fme_int32
BygningList;byg029DatoForMidlertidigOpførtBygning;50;datetime;fme_datetime
BygningList;byg030Vandforsyning;50;int;fme_int32
BygningList;byg030Vandforsyning_tekst;50;tekst;fme_varchar(50)
BygningList;byg031Afløbsforhold;50;int;fme_int32
BygningList;byg031Afløbsforhold_tekst;100;tekst;fme_varchar(100)
BygningList;byg032YdervæggensMateriale;50;int;fme_int32
BygningList;byg032YdervæggensMateriale_tekst;50;tekst;fme_varchar(50)
BygningList;byg033Tagdækningsmateriale;50;int;fme_int32
BygningList;byg033Tagdækningsmateriale_tekst;50;tekst;fme_varchar(50)
BygningList;byg034SupplerendeYdervæggensMateriale;50;int;fme_int32
BygningList;byg034SupplerendeYdervæggensMateriale_tekst;50;tekst;fme_varchar(50)
BygningList;byg035SupplerendeTagdækningsMateriale;50;int;fme_int32
BygningList;byg035SupplerendeTagdækningsMateriale_tekst;50;tekst;fme_varchar(50)
BygningList;byg036AsbestholdigtMateriale;50;int;fme_int32
BygningList;byg036AsbestholdigtMateriale_tekst;50;tekst;fme_varchar(50)
BygningList;byg037KildeTilBygningensMaterialer;50;int;fme_int32
BygningList;byg037KildeTilBygningensMaterialer_tekst;50;tekst;fme_varchar(50)
BygningList;byg038SamletBygningsareal;50;int;fme_int32
BygningList;byg039BygningensSamledeBoligAreal;50;int;fme_int32
BygningList;byg040BygningensSamledeErhvervsAreal;50;int;fme_int32
BygningList;byg041BebyggetAreal;50;int;fme_int32
BygningList;byg042ArealIndbyggetGarage;50;int;fme_int32
BygningList;byg043ArealIndbyggetCarport;50;int;fme_int32
BygningList;byg044ArealIndbyggetUdhus;50;int;fme_int32
BygningList;byg045ArealIndbyggetUdestueEllerLign;50;int;fme_int32
BygningList;byg046SamletArealAfLukkedeOverdækningerPåBygningen;50;int;fme_int32
BygningList;byg047ArealAfAffaldsrumITerrænniveau;0;int;fme_int32
BygningList;byg048AndetAreal;50;int;fme_int32
BygningList;byg049ArealAfOverdækketAreal;50;int;fme_int32
BygningList;byg050ArealÅbneOverdækningerPåBygningenSamlet;0;int;fme_int32
BygningList;byg051Adgangsareal;50;int;fme_int32
BygningList;byg052BeregningsprincipCarportAreal;50;int;fme_int32
BygningList;byg052BeregningsprincipCarportAreal_tekst;50;tekst;fme_varchar(50)
BygningList;byg053BygningsarealerKilde;50;int;fme_int32
BygningList;byg053BygningsarealerKilde_tekst;50;tekst;fme_varchar(50)
BygningList;byg054AntalEtager;50;int;fme_int32
BygningList;byg055AfvigendeEtager;50;int;fme_int32
BygningList;byg055AfvigendeEtager_tekst;50;tekst;fme_varchar(50)
BygningList;byg056Varmeinstallation;50;int;fme_int32
BygningList;byg056Varmeinstallation_tekst;50;tekst;fme_varchar(50)
BygningList;byg057Opvarmningsmiddel;50;int;fme_int32
BygningList;byg057Opvarmningsmiddel_tekst;50;tekst;fme_varchar(50)
BygningList;byg058SupplerendeVarme;50;int;fme_int32
BygningList;byg058SupplerendeVarme_tekst;50;tekst;fme_varchar(50)
BygningList;byg069Sikringsrumpladser;50;int;fme_int32
BygningList;byg070Fredning;50;int;fme_int32
BygningList;byg070Fredning_tekst;100;tekst;fme_varchar(100)
BygningList;byg071BevaringsværdighedReference;0;tekst;fme_varchar(0)
BygningList;byg094Revisionsdato;50;datetime;fme_datetime
BygningList;byg111StormrådetsOversvømmelsesSelvrisiko;50;int;fme_int32
BygningList;byg111StormrådetsOversvømmelsesSelvrisiko_tekst;200;tekst;fme_varchar(200)
BygningList;byg112DatoForRegistreringFraStormrådet;50;datetime;fme_datetime
BygningList;byg113Byggeskadeforsikringsselskab;50;int;fme_int32
BygningList;byg113Byggeskadeforsikringsselskab_tekst;50;tekst;fme_varchar(50)
BygningList;byg114DatoForByggeskadeforsikring;50;datetime;fme_datetime
BygningList;byg119Udledningstilladelse;50;int;fme_int32
BygningList;byg119Udledningstilladelse_tekst;50;tekst;fme_varchar(50)
BygningList;byg121OmfattetAfByggeskadeforsikring;50;int;fme_int32
BygningList;byg121OmfattetAfByggeskadeforsikring_tekst;50;tekst;fme_varchar(50)
BygningList;byg122Gyldighedsdato;50;datetime;fme_datetime
BygningList;byg123MedlemskabAfSpildevandsforsyning;0;int;fme_int32
BygningList;byg123MedlemskabAfSpildevandsforsyning_tekst;0;tekst;fme_varchar(0)
BygningList;byg124PåbudVedrSpildevandsafledning;50;int;fme_int32
BygningList;byg124PåbudVedrSpildevandsafledning_tekst;50;tekst;fme_varchar(50)
BygningList;byg125FristVedrSpildevandsafledning;50;datetime;fme_datetime
BygningList;byg126TilladelseTilUdtræden;0;int;fme_int32
BygningList;byg126TilladelseTilUdtræden_tekst;0;tekst;fme_varchar(0)
BygningList;byg127DatoForTilladelseTilUdtræden;0;datetime;fme_datetime
BygningList;byg128TilladelseTilAlternativBortskaffelseEllerAfledning;0;int;fme_int32
BygningList;byg128TilladelseTilAlternativBortskaffelseEllerAfledning_tekst;0;tekst;fme_varchar(0)
BygningList;byg129DatoForTilladelseTilAlternativBortskaffelseEllerAfledning;0;datetime;fme_datetime
BygningList;byg130ArealAfUdvendigEfterisolering;50;int;fme_int32
BygningList;byg131DispensationFritagelseIftKollektivVarmeforsyning;0;int;fme_int32
BygningList;byg131DispensationFritagelseIftKollektivVarmeforsyning_tekst;0;tekst;fme_varchar(0)
BygningList;byg132DatoForDispensationFritagelseIftKollektivVarmeforsyning;0;datetime;fme_datetime
BygningList;byg133KildeTilKoordinatsæt;50;tekst;fme_varchar(50)
BygningList;byg133KildeTilKoordinatsæt_tekst;50;tekst;fme_varchar(50)
BygningList;byg134KvalitetAfKoordinatsæt;50;int;fme_int32
BygningList;byg134KvalitetAfKoordinatsæt_tekst;50;tekst;fme_varchar(50)
BygningList;byg135SupplerendeOplysningOmKoordinatsæt;50;int;fme_int32
BygningList;byg135SupplerendeOplysningOmKoordinatsæt_tekst;100;tekst;fme_varchar(100)
BygningList;byg136PlaceringPåSøterritorie;50;int;fme_int32
BygningList;byg136PlaceringPåSøterritorie_tekst;50;tekst;fme_varchar(50)
BygningList;byg137BanedanmarkBygværksnummer;0;tekst;fme_varchar(0)
BygningList;byg140ServitutForUdlejningsEjendomDato;50;datetime;fme_datetime
BygningList;byg150Gulvbelægning;0;int;fme_int32
BygningList;byg150Gulvbelægning_tekst;0;tekst;fme_varchar(0)
BygningList;byg151Frihøjde;0;float;fme_real32
BygningList;byg152ÅbenLukketKonstruktion;0;int;fme_int32
BygningList;byg152ÅbenLukketKonstruktion_tekst;0;tekst;fme_varchar(0)
BygningList;byg153Konstruktionsforhold;0;int;fme_int32
BygningList;byg153Konstruktionsforhold_tekst;0;tekst;fme_varchar(0)
BygningList;byg301TypeAfFlytning;0;int;fme_int32
BygningList;byg302Tilflytterkommune;0;int;fme_int32
BygningList;byg403ØvrigeBemærkningerFraStormrådet;0;tekst;fme_varchar(0)
BygningList;byg404Koordinat;50;tekst;fme_varchar(50)
BygningList;byg406Koordinatsystem;50;int;fme_int32
BygningList;byg406Koordinatsystem_tekst;50;tekst;fme_varchar(50)
BygningList;byg500Notatlinjer;0;tekst;fme_varchar(0)
BygningList;ejerlejlighed;50;tekst;fme_varchar(50)
BygningList;forretningshændelse;50;tekst;fme_varchar(50)
BygningList;forretningsområde;50;tekst;fme_varchar(50)
BygningList;forretningsproces;50;int;fme_int32
BygningList;forretningsproces_tekst;100;tekst;fme_varchar(100)
BygningList;grund;50;tekst;fme_varchar(50)
BygningList;husnummer;50;tekst;fme_varchar(50)
BygningList;id_lokalId;50;tekst;fme_varchar(50)
BygningList;id_namespace;50;tekst;fme_varchar(50)
BygningList;jordstykke;50;long;fme_int64
BygningList;kommunekode;50;tekst;fme_varchar(50)
BygningList;kommunetekst;50;tekst;fme_varchar(50)
BygningList;registreringFra;50;datetime;fme_datetime
BygningList;registreringTil;0;datetime;fme_datetime
BygningList;registreringsaktør;50;tekst;fme_varchar(50)
BygningList;status;50;int;fme_int32
BygningList;status_tekst;50;tekst;fme_varchar(50)
BygningList;virkningFra;50;datetime;fme_datetime
BygningList;virkningTil;0;datetime;fme_datetime
BygningList;virkningsaktør;50;tekst;fme_varchar(50)
BygningList;xTid;0;datetime;fme_datetime