﻿schema;name;length;type;fme_data_type
BygningEjendomsrelationList;bygning;50;tekst;fme_varchar(50)
BygningEjendomsrelationList;bygningPåFremmedGrund;50;tekst;fme_varchar(50)
BygningEjendomsrelationList;forretningshændelse;50;tekst;fme_varchar(50)
BygningEjendomsrelationList;forretningsområde;50;tekst;fme_varchar(50)
BygningEjendomsrelationList;forretningsproces;50;int;fme_int32
BygningEjendomsrelationList;forretningsproces_tekst;100;tekst;fme_varchar(100)
BygningEjendomsrelationList;id_lokalId;50;tekst;fme_varchar(50)
BygningEjendomsrelationList;id_namespace;50;tekst;fme_varchar(50)
BygningEjendomsrelationList;kommunekode;4;tekst;fme_varchar(4)
BygningEjendomsrelationList;kommunetekst;50;tekst;fme_varchar(50)
BygningEjendomsrelationList;registreringFra;50;datetime;fme_datetime
BygningEjendomsrelationList;registreringTil;0;datetime;fme_datetime
BygningEjendomsrelationList;registreringsaktør;50;tekst;fme_varchar(50)
BygningEjendomsrelationList;status;0;int;fme_int32
BygningEjendomsrelationList;status_tekst;50;tekst;fme_varchar(50)
BygningEjendomsrelationList;virkningFra;50;datetime;fme_datetime
BygningEjendomsrelationList;virkningTil;0;datetime;fme_datetime
BygningEjendomsrelationList;virkningsaktør;50;tekst;fme_varchar(50)
BygningEjendomsrelationList;xTid;0;datetime;fme_datetime