﻿schema;name;length;type;fme_data_type
EjendomsrelationList;bfeNummer;50;long;fme_int64
EjendomsrelationList;bygningPåFremmedGrund;50;long;fme_int64
EjendomsrelationList;ejendommensEjerforholdskode;50;int;fme_int32
EjendomsrelationList;ejendommensEjerforholdskode_tekst;150;tekst;fme_varchar(150)
EjendomsrelationList;ejendomsnummer;50;long;fme_int64
EjendomsrelationList;ejendomstype;50;int;fme_int32
EjendomsrelationList;ejendomstype_tekst;50;tekst;fme_varchar(50)
EjendomsrelationList;ejerlejlighed;50;long;fme_int64
EjendomsrelationList;ejerlejlighedsnummer;50;int;fme_int32
EjendomsrelationList;forretningshændelse;50;tekst;fme_varchar(50)
EjendomsrelationList;forretningsområde;50;tekst;fme_varchar(50)
EjendomsrelationList;forretningsproces;50;int;fme_int32
EjendomsrelationList;forretningsproces_tekst;100;tekst;fme_varchar(100)
EjendomsrelationList;id_lokalId;50;tekst;fme_varchar(50)
EjendomsrelationList;id_namespace;50;tekst;fme_varchar(50)
EjendomsrelationList;kommunekode;4;tekst;fme_varchar(4)
EjendomsrelationList;kommunetekst;50;tekst;fme_varchar(50)
EjendomsrelationList;registreringFra;50;datetime;fme_datetime
EjendomsrelationList;registreringTil;0;datetime;fme_datetime
EjendomsrelationList;registreringsaktør;50;tekst;fme_varchar(50)
EjendomsrelationList;samletFastEjendom;50;long;fme_int64
EjendomsrelationList;status;50;int;fme_int32
EjendomsrelationList;status_tekst;50;tekst;fme_varchar(50)
EjendomsrelationList;tinglystAreal;50;int;fme_int32
EjendomsrelationList;virkningFra;50;datetime;fme_datetime
EjendomsrelationList;virkningTil;0;datetime;fme_datetime
EjendomsrelationList;virkningsaktør;50;tekst;fme_varchar(50)
EjendomsrelationList;vurderingsejendomsnummer;0;long;fme_int64
EjendomsrelationList;xTid;0;datetime;fme_datetime