﻿schema;name;length;type;fme_data_type
EnhedList;adresseIdentificerer;50;tekst;fme_varchar(50)
EnhedList;bygning;50;tekst;fme_varchar(50)
EnhedList;enh008UUIDTilModerlejlighed;50;tekst;fme_varchar(50)
EnhedList;enh020EnhedensAnvendelse;50;int;fme_int32
EnhedList;enh020EnhedensAnvendelse_tekst;150;tekst;fme_varchar(150)
EnhedList;enh023Boligtype;2;tekst;fme_varchar(2)
EnhedList;enh023Boligtype_tekst;50;tekst;fme_varchar(50)
EnhedList;enh024KondemneretBoligenhed;50;int;fme_int32
EnhedList;enh024KondemneretBoligenhed_tekst;50;tekst;fme_varchar(50)
EnhedList;enh025OprettelsesdatoForEnhedensIdentifikation;50;datetime;fme_datetime
EnhedList;enh026EnhedensSamledeAreal;50;int;fme_int32
EnhedList;enh027ArealTilBeboelse;50;int;fme_int32
EnhedList;enh028ArealTilErhverv;50;int;fme_int32
EnhedList;enh030KildeTilEnhedensArealer;50;int;fme_int32
EnhedList;enh030KildeTilEnhedensArealer_tekst;50;tekst;fme_varchar(50)
EnhedList;enh031AntalVærelser;50;int;fme_int32
EnhedList;enh032Toiletforhold;2;tekst;fme_varchar(2)
EnhedList;enh032Toiletforhold_tekst;50;tekst;fme_varchar(50)
EnhedList;enh033Badeforhold;2;tekst;fme_varchar(2)
EnhedList;enh033Badeforhold_tekst;50;tekst;fme_varchar(50)
EnhedList;enh034Køkkenforhold;2;tekst;fme_varchar(2)
EnhedList;enh034Køkkenforhold_tekst;50;tekst;fme_varchar(50)
EnhedList;enh035Energiforsyning;50;int;fme_int32
EnhedList;enh035Energiforsyning_tekst;50;tekst;fme_varchar(50)
EnhedList;enh039AndetAreal;50;int;fme_int32
EnhedList;enh041LovligAnvendelse;2;tekst;fme_varchar(2)
EnhedList;enh041LovligAnvendelse_tekst;100;tekst;fme_varchar(100)
EnhedList;enh042DatoForTidsbegrænsetDispensation;50;datetime;fme_datetime
EnhedList;enh044DatoForDelvisIbrugtagningsTilladelse;50;datetime;fme_datetime
EnhedList;enh045Udlejningsforhold;50;int;fme_int32
EnhedList;enh045Udlejningsforhold_tekst;50;tekst;fme_varchar(50)
EnhedList;enh046OffentligStøtte;50;int;fme_int32
EnhedList;enh046OffentligStøtte_tekst;50;tekst;fme_varchar(50)
EnhedList;enh047IndflytningDato;50;datetime;fme_datetime
EnhedList;enh048GodkendtTomBolig;50;int;fme_int32
EnhedList;enh048GodkendtTomBolig_tekst;50;tekst;fme_varchar(50)
EnhedList;enh051Varmeinstallation;50;int;fme_int32
EnhedList;enh051Varmeinstallation_tekst;50;tekst;fme_varchar(50)
EnhedList;enh052Opvarmningsmiddel;50;int;fme_int32
EnhedList;enh052Opvarmningsmiddel_tekst;50;tekst;fme_varchar(50)
EnhedList;enh053SupplerendeVarme;50;int;fme_int32
EnhedList;enh053SupplerendeVarme_tekst;50;tekst;fme_varchar(50)
EnhedList;enh060EnhedensAndelFællesAdgangsareal;50;int;fme_int32
EnhedList;enh061ArealAfÅbenOverdækning;0;int;fme_int32
EnhedList;enh062ArealAfLukketOverdækningUdestue;50;int;fme_int32
EnhedList;enh063AntalVærelserTilErhverv;50;int;fme_int32
EnhedList;enh065AntalVandskylledeToiletter;50;int;fme_int32
EnhedList;enh066AntalBadeværelser;50;int;fme_int32
EnhedList;enh067Støjisolering;0;int;fme_int32
EnhedList;enh068FlexboligTilladelsesart;50;int;fme_int32
EnhedList;enh068FlexboligTilladelsesart_tekst;50;tekst;fme_varchar(50)
EnhedList;enh069FlexboligOphørsdato;0;datetime;fme_datetime
EnhedList;enh070ÅbenAltanTagterrasseAreal;50;int;fme_int32
EnhedList;enh071AdresseFunktion;50;int;fme_int32
EnhedList;enh071AdresseFunktion_tekst;50;tekst;fme_varchar(50)
EnhedList;enh101Gyldighedsdato;50;datetime;fme_datetime
EnhedList;enh102HerafAreal1;0;int;fme_int32
EnhedList;enh103HerafAreal2;0;int;fme_int32
EnhedList;enh104HerafAreal3;0;int;fme_int32
EnhedList;enh105SupplerendeAnvendelseskode1;0;int;fme_int32
EnhedList;enh105SupplerendeAnvendelseskode1_tekst;0;tekst;fme_varchar(0)
EnhedList;enh105SupplerendeAnvendelseskode2_tekst;0;tekst;fme_varchar(0)
EnhedList;enh105SupplerendeAnvendelseskode3_tekst;0;tekst;fme_varchar(0)
EnhedList;enh106SupplerendeAnvendelseskode2;0;int;fme_int32
EnhedList;enh107SupplerendeAnvendelseskode3;0;int;fme_int32
EnhedList;enh127FysiskArealTilBeboelse;0;int;fme_int32
EnhedList;enh128FysiskArealTilErhverv;0;int;fme_int32
EnhedList;enh500Notatlinjer;1024;tekst;fme_varchar(1024)
EnhedList;etage;50;tekst;fme_varchar(50)
EnhedList;forretningshændelse;50;tekst;fme_varchar(50)
EnhedList;forretningsområde;50;tekst;fme_varchar(50)
EnhedList;forretningsproces;50;int;fme_int32
EnhedList;forretningsproces_tekst;100;tekst;fme_varchar(100)
EnhedList;id_lokalId;50;tekst;fme_varchar(50)
EnhedList;id_namespace;50;tekst;fme_varchar(50)
EnhedList;kommunekode;4;tekst;fme_varchar(4)
EnhedList;kommunetekst;50;tekst;fme_varchar(50)
EnhedList;opgang;50;tekst;fme_varchar(50)
EnhedList;registreringFra;50;datetime;fme_datetime
EnhedList;registreringTil;0;datetime;fme_datetime
EnhedList;registreringsaktør;50;tekst;fme_varchar(50)
EnhedList;status;50;int;fme_int32
EnhedList;status_tekst;50;tekst;fme_varchar(50)
EnhedList;virkningFra;50;datetime;fme_datetime
EnhedList;virkningTil;0;datetime;fme_datetime
EnhedList;virkningsaktør;50;tekst;fme_varchar(50)
EnhedList;xTid;0;datetime;fme_datetime