﻿schema;name;length;type;fme_data_type
EnhedEjendomsrelationList;ejerlejlighed;50;tekst;fme_varchar(50)
EnhedEjendomsrelationList;enhed;50;tekst;fme_varchar(50)
EnhedEjendomsrelationList;forretningshændelse;50;tekst;fme_varchar(50)
EnhedEjendomsrelationList;forretningsområde;50;tekst;fme_varchar(50)
EnhedEjendomsrelationList;forretningsproces;50;int;fme_int32
EnhedEjendomsrelationList;forretningsproces_tekst;100;tekst;fme_varchar(100)
EnhedEjendomsrelationList;id_lokalId;50;tekst;fme_varchar(50)
EnhedEjendomsrelationList;id_namespace;50;tekst;fme_varchar(50)
EnhedEjendomsrelationList;kommunekode;4;tekst;fme_varchar(4)
EnhedEjendomsrelationList;kommunetekst;50;tekst;fme_varchar(50)
EnhedEjendomsrelationList;registreringFra;50;datetime;fme_datetime
EnhedEjendomsrelationList;registreringTil;0;datetime;fme_datetime
EnhedEjendomsrelationList;registreringsaktør;50;tekst;fme_varchar(50)
EnhedEjendomsrelationList;status;0;int;fme_int32
EnhedEjendomsrelationList;status_tekst;50;tekst;fme_varchar(50)
EnhedEjendomsrelationList;virkningFra;50;datetime;fme_datetime
EnhedEjendomsrelationList;virkningTil;0;datetime;fme_datetime
EnhedEjendomsrelationList;virkningsaktør;50;tekst;fme_varchar(50)
EnhedEjendomsrelationList;xTid;0;datetime;fme_datetime