﻿schema;name;length;type;fme_data_type
EtageList;bygning;50;tekst;fme_varchar(50)
EtageList;eta006BygningensEtagebetegnelse;50;tekst;fme_varchar(50)
EtageList;eta020SamletArealAfEtage;50;int;fme_int32
EtageList;eta021ArealAfUdnyttetDelAfTagetage;50;int;fme_int32
EtageList;eta022Kælderareal;50;int;fme_int32
EtageList;eta023ArealAfLovligBeboelseIKælder;50;int;fme_int32
EtageList;eta024EtagensAdgangsareal;0;int;fme_int32
EtageList;eta025Etagetype;50;int;fme_int32
EtageList;eta025Etagetype_tekst;50;tekst;fme_varchar(50)
EtageList;eta026ErhvervIKælder;50;int;fme_int32
EtageList;eta500Notatlinjer;1024;tekst;fme_varchar(1024)
EtageList;forretningshændelse;50;tekst;fme_varchar(50)
EtageList;forretningsområde;50;tekst;fme_varchar(50)
EtageList;forretningsproces;50;int;fme_int32
EtageList;forretningsproces_tekst;100;tekst;fme_varchar(100)
EtageList;id_lokalId;50;tekst;fme_varchar(50)
EtageList;id_namespace;50;tekst;fme_varchar(50)
EtageList;kommunekode;4;tekst;fme_varchar(4)
EtageList;kommunetekst;50;tekst;fme_varchar(50)
EtageList;registreringFra;50;datetime;fme_datetime
EtageList;registreringTil;0;datetime;fme_datetime
EtageList;registreringsaktør;50;tekst;fme_varchar(50)
EtageList;status;50;tekst;fme_varchar(50)
EtageList;status_tekst;50;tekst;fme_varchar(50)
EtageList;virkningFra;50;datetime;fme_datetime
EtageList;virkningTil;0;datetime;fme_datetime
EtageList;virkningsaktør;50;tekst;fme_varchar(50)
EtageList;xTid;0;datetime;fme_datetime