﻿schema;name;length;type;fme_data_type
GrundJordstykkeList;forretningshændelse;50;tekst;fme_varchar(50)
GrundJordstykkeList;forretningsområde;50;tekst;fme_varchar(50)
GrundJordstykkeList;forretningsproces;50;int;fme_int32
GrundJordstykkeList;forretningsproces_tekst;100;tekst;fme_varchar(100)
GrundJordstykkeList;grund;50;tekst;fme_varchar(50)
GrundJordstykkeList;id_lokalId;50;tekst;fme_varchar(50)
GrundJordstykkeList;id_namespace;50;tekst;fme_varchar(50)
GrundJordstykkeList;jordstykke;50;long;fme_int64
GrundJordstykkeList;kommunekode;4;tekst;fme_varchar(4)
GrundJordstykkeList;kommunetekst;50;tekst;fme_varchar(50)
GrundJordstykkeList;registreringFra;50;datetime;fme_datetime
GrundJordstykkeList;registreringTil;0;datetime;fme_datetime
GrundJordstykkeList;registreringsaktør;50;tekst;fme_varchar(50)
GrundJordstykkeList;status;0;int;fme_int32
GrundJordstykkeList;virkningFra;50;datetime;fme_datetime
GrundJordstykkeList;virkningTil;0;datetime;fme_datetime
GrundJordstykkeList;virkningsaktør;50;tekst;fme_varchar(50)
GrundJordstykkeList;xTid;0;datetime;fme_datetime