﻿schema;name;length;type;fme_data_type
GrundList;bestemtFastEjendom;50;tekst;fme_varchar(50)
GrundList;forretningshændelse;50;tekst;fme_varchar(50)
GrundList;forretningsområde;50;tekst;fme_varchar(50)
GrundList;forretningsproces;50;int;fme_int32
GrundList;forretningsproces_tekst;100;tekst;fme_varchar(100)
GrundList;gru009Vandforsyning;50;int;fme_int32
GrundList;gru009Vandforsyning_tekst;50;tekst;fme_varchar(50)
GrundList;gru010Afløbsforhold;50;int;fme_int32
GrundList;gru010Afløbsforhold_tekst;100;tekst;fme_varchar(100)
GrundList;gru021Udledningstilladelse;50;int;fme_int32
GrundList;gru021Udledningstilladelse_tekst;50;tekst;fme_varchar(50)
GrundList;gru022MedlemskabAfSpildevandsforsyning;50;int;fme_int32
GrundList;gru022MedlemskabAfSpildevandsforsyning_tekst;50;tekst;fme_varchar(50)
GrundList;gru023PåbudVedrSpildevandsafledning;50;int;fme_int32
GrundList;gru023PåbudVedrSpildevandsafledning_tekst;50;tekst;fme_varchar(50)
GrundList;gru024FristVedrSpildevandsafledning;50;datetime;fme_datetime
GrundList;gru025TilladelseTilUdtræden;0;int;fme_int32
GrundList;gru025TilladelseTilUdtræden_tekst;50;tekst;fme_varchar(50)
GrundList;gru026DatoForTilladelseTilUdtræden;0;datetime;fme_datetime
GrundList;gru027TilladelseTilAlternativBortskaffelseEllerAfledning;0;int;fme_int32
GrundList;gru027TilladelseTilAlternativBortskaffelseEllerAfledning_tekst;50;tekst;fme_varchar(50)
GrundList;gru028DatoForTilladelseTilAlternativBortskaffelseEllerAfledning;0;datetime;fme_datetime
GrundList;gru029DispensationFritagelseIftKollektivVarmeforsyning;0;int;fme_int32
GrundList;gru029DispensationFritagelseIftKollektivVarmeforsyning_tekst;50;tekst;fme_varchar(50)
GrundList;gru030DatoForDispensationFritagelseIftKollektivVarmeforsyning;0;datetime;fme_datetime
GrundList;gru500Notatlinjer;1024;tekst;fme_varchar(1024)
GrundList;husnummer;50;tekst;fme_varchar(50)
GrundList;id_lokalId;50;tekst;fme_varchar(50)
GrundList;id_namespace;50;tekst;fme_varchar(50)
GrundList;kommunekode;4;tekst;fme_varchar(4)
GrundList;kommunetekst;50;tekst;fme_varchar(50)
GrundList;registreringFra;50;datetime;fme_datetime
GrundList;registreringTil;0;datetime;fme_datetime
GrundList;registreringsaktør;50;tekst;fme_varchar(50)
GrundList;status;50;int;fme_int32
GrundList;status_tekst;50;tekst;fme_varchar(50)
GrundList;virkningFra;50;datetime;fme_datetime
GrundList;virkningTil;0;datetime;fme_datetime
GrundList;virkningsaktør;50;tekst;fme_varchar(50)
GrundList;xTid;0;datetime;fme_datetime