﻿schema;name;length;type;fme_data_type
OpgangList;adgangFraHusnummer;50;tekst;fme_varchar(50)
OpgangList;bygning;50;tekst;fme_varchar(50)
OpgangList;forretningshændelse;50;tekst;fme_varchar(50)
OpgangList;forretningsområde;50;tekst;fme_varchar(50)
OpgangList;forretningsproces;50;int;fme_int32
OpgangList;forretningsproces_tekst;100;tekst;fme_varchar(100)
OpgangList;id_lokalId;50;tekst;fme_varchar(50)
OpgangList;id_namespace;50;tekst;fme_varchar(50)
OpgangList;kommunekode;4;tekst;fme_varchar(4)
OpgangList;kommunetekst;50;tekst;fme_varchar(50)
OpgangList;opg020Elevator;50;bool;fme_boolean
OpgangList;opg020Elevator_tekst;50;tekst;fme_varchar(50)
OpgangList;opg021HusnummerFunktion;50;bool;fme_boolean
OpgangList;opg021HusnummerFunktion_tekst;50;tekst;fme_varchar(50)
OpgangList;opg500Notatlinjer;1024;tekst;fme_varchar(1024)
OpgangList;registreringFra;50;datetime;fme_datetime
OpgangList;registreringTil;0;datetime;fme_datetime
OpgangList;registreringsaktør;50;tekst;fme_varchar(50)
OpgangList;status;50;int;fme_int32
OpgangList;status_tekst;50;tekst;fme_varchar(50)
OpgangList;virkningFra;50;datetime;fme_datetime
OpgangList;virkningTil;0;datetime;fme_datetime
OpgangList;virkningsaktør;50;tekst;fme_varchar(50)
OpgangList;xTid;0;datetime;fme_datetime