﻿schema;name;length;type;fme_data_type
SagsniveauList;byggesag;50;tekst;fme_varchar(50)
SagsniveauList;forretningshændelse;50;tekst;fme_varchar(50)
SagsniveauList;forretningsområde;50;tekst;fme_varchar(50)
SagsniveauList;forretningsproces;50;int;fme_int32
SagsniveauList;forretningsproces_tekst;100;tekst;fme_varchar(100)
SagsniveauList;id_lokalId;50;tekst;fme_varchar(50)
SagsniveauList;id_namespace;50;tekst;fme_varchar(50)
SagsniveauList;kommunekode;4;tekst;fme_varchar(4)
SagsniveauList;kommunetekst;50;tekst;fme_varchar(50)
SagsniveauList;niveautype;50;int;fme_int32
SagsniveauList;niveautype_tekst;50;tekst;fme_varchar(50)
SagsniveauList;registreringFra;50;datetime;fme_datetime
SagsniveauList;registreringTil;0;datetime;fme_datetime
SagsniveauList;registreringsaktør;50;tekst;fme_varchar(50)
SagsniveauList;sagsdataBygning;50;tekst;fme_varchar(50)
SagsniveauList;sagsdataEnhed;50;tekst;fme_varchar(50)
SagsniveauList;sagsdataEtage;50;tekst;fme_varchar(50)
SagsniveauList;sagsdataGrund;50;tekst;fme_varchar(50)
SagsniveauList;sagsdataOpgang;50;tekst;fme_varchar(50)
SagsniveauList;sagsdataTekniskAnlæg;50;tekst;fme_varchar(50)
SagsniveauList;sagstype;50;int;fme_int32
SagsniveauList;sagstype_tekst;50;tekst;fme_varchar(50)
SagsniveauList;stamdataBygning;50;tekst;fme_varchar(50)
SagsniveauList;stamdataEnhed;50;tekst;fme_varchar(50)
SagsniveauList;stamdataEtage;50;tekst;fme_varchar(50)
SagsniveauList;stamdataGrund;50;tekst;fme_varchar(50)
SagsniveauList;stamdataOpgang;50;tekst;fme_varchar(50)
SagsniveauList;stamdataTekniskAnlæg;50;tekst;fme_varchar(50)
SagsniveauList;status;50;int;fme_int32
SagsniveauList;status_tekst;50;tekst;fme_varchar(50)
SagsniveauList;virkningFra;50;datetime;fme_datetime
SagsniveauList;virkningTil;0;datetime;fme_datetime
SagsniveauList;virkningsaktør;50;tekst;fme_varchar(50)
SagsniveauList;xTid;0;datetime;fme_datetime