﻿schema;name;length;type;fme_data_type
TekniskAnlægList;bygning;50;tekst;fme_varchar(50)
TekniskAnlægList;bygningPåFremmedGrund;50;tekst;fme_varchar(50)
TekniskAnlægList;ejerlejlighed;50;tekst;fme_varchar(50)
TekniskAnlægList;enhed;50;tekst;fme_varchar(50)
TekniskAnlægList;forretningshændelse;50;tekst;fme_varchar(50)
TekniskAnlægList;forretningsområde;50;tekst;fme_varchar(50)
TekniskAnlægList;forretningsproces;50;int;fme_int32
TekniskAnlægList;forretningsproces_tekst;100;tekst;fme_varchar(100)
TekniskAnlægList;grund;50;tekst;fme_varchar(50)
TekniskAnlægList;husnummer;50;tekst;fme_varchar(50)
TekniskAnlægList;id_lokalId;50;tekst;fme_varchar(50)
TekniskAnlægList;id_namespace;50;tekst;fme_varchar(50)
TekniskAnlægList;jordstykke;50;tekst;fme_varchar(50)
TekniskAnlægList;kommunekode;4;tekst;fme_varchar(4)
TekniskAnlægList;kommunetekst;50;tekst;fme_varchar(50)
TekniskAnlægList;registreringFra;50;datetime;fme_datetime
TekniskAnlægList;registreringTil;0;datetime;fme_datetime
TekniskAnlægList;registreringsaktør;50;tekst;fme_varchar(50)
TekniskAnlægList;status;50;int;fme_int32
TekniskAnlægList;status_tekst;50;tekst;fme_varchar(50)
TekniskAnlægList;tek007Anlægsnummer;50;int;fme_int32
TekniskAnlægList;tek020Klassifikation;50;int;fme_int32
TekniskAnlægList;tek020Klassifikation_tekst;50;tekst;fme_varchar(50)
TekniskAnlægList;tek021FabrikatType;50;tekst;fme_varchar(50)
TekniskAnlægList;tek022EksternDatabase;0;tekst;fme_varchar(0)
TekniskAnlægList;tek023EksternNøgle;50;tekst;fme_varchar(50)
TekniskAnlægList;tek024Etableringsår;50;int;fme_int32
TekniskAnlægList;tek025TilOmbygningsår;50;int;fme_int32
TekniskAnlægList;tek026StørrelsesklasseOlietank;50;int;fme_int32
TekniskAnlægList;tek026StørrelsesklasseOlietank_tekst;50;tekst;fme_varchar(50)
TekniskAnlægList;tek027Placering;50;int;fme_int32
TekniskAnlægList;tek027Placering_tekst;50;tekst;fme_varchar(50)
TekniskAnlægList;tek028SløjfningOlietank;50;int;fme_int32
TekniskAnlægList;tek028SløjfningOlietank_tekst;100;tekst;fme_varchar(100)
TekniskAnlægList;tek030Fabrikationsnummer;50;tekst;fme_varchar(50)
TekniskAnlægList;tek031Typegodkendelsesnummer;50;tekst;fme_varchar(50)
TekniskAnlægList;tek032Størrelse;50;int;fme_int32
TekniskAnlægList;tek033Type;50;int;fme_int32
TekniskAnlægList;tek033Type_tekst;50;tekst;fme_varchar(50)
TekniskAnlægList;tek034IndholdOlietank;50;int;fme_int32
TekniskAnlægList;tek034IndholdOlietank_tekst;100;tekst;fme_varchar(100)
TekniskAnlægList;tek035SløjfningsfristOlietank;50;datetime;fme_datetime
TekniskAnlægList;tek036Rumfang;50;int;fme_int32
TekniskAnlægList;tek037Areal;50;int;fme_int32
TekniskAnlægList;tek038Højde;50;int;fme_int32
TekniskAnlægList;tek039Effekt;50;int;fme_int32
TekniskAnlægList;tek040Fredning;0;int;fme_int32
TekniskAnlægList;tek040Fredning_tekst;100;tekst;fme_varchar(100)
TekniskAnlægList;tek042Revisionsdato;50;datetime;fme_datetime
TekniskAnlægList;tek045Koordinatsystem;50;int;fme_int32
TekniskAnlægList;tek045Koordinatsystem_tekst;50;tekst;fme_varchar(50)
TekniskAnlægList;tek067Fabrikationsår;50;int;fme_int32
TekniskAnlægList;tek068Materiale;50;int;fme_int32
TekniskAnlægList;tek068Materiale_tekst;50;tekst;fme_varchar(50)
TekniskAnlægList;tek069SupplerendeIndvendigKorrosionsbeskyttelse;50;int;fme_int32
TekniskAnlægList;tek069SupplerendeIndvendigKorrosionsbeskyttelse_tekst;50;tekst;fme_varchar(50)
TekniskAnlægList;tek070DatoForSenestUdførteSupplerendeIndvendigKorrosionsbeskyttelse;50;datetime;fme_datetime
TekniskAnlægList;tek072Sløjfningsår;50;int;fme_int32
TekniskAnlægList;tek073Navhøjde;50;float;fme_real32
TekniskAnlægList;tek074Vindmøllenummer;50;long;fme_int64
TekniskAnlægList;tek075Rotordiameter;50;float;fme_real32
TekniskAnlægList;tek076KildeTilKoordinatsæt;50;tekst;fme_varchar(50)
TekniskAnlægList;tek076KildeTilKoordinatsæt_tekst;50;tekst;fme_varchar(50)
TekniskAnlægList;tek077KvalitetAfKoordinatsæt;50;int;fme_int32
TekniskAnlægList;tek077KvalitetAfKoordinatsæt_tekst;50;tekst;fme_varchar(50)
TekniskAnlægList;tek078SupplerendeOplysningOmKoordinatsæt;50;int;fme_int32
TekniskAnlægList;tek078SupplerendeOplysningOmKoordinatsæt_tekst;100;tekst;fme_varchar(100)
TekniskAnlægList;tek101Gyldighedsdato;50;datetime;fme_datetime
TekniskAnlægList;tek102FabrikatVindmølle;50;tekst;fme_varchar(50)
TekniskAnlægList;tek103FabrikatOliefyr;0;tekst;fme_varchar(0)
TekniskAnlægList;tek104FabrikatSolcelleanlægSolvarme;50;tekst;fme_varchar(50)
TekniskAnlægList;tek105OverdækningTank;50;tekst;fme_varchar(50)
TekniskAnlægList;tek106InspektionsdatoTank;50;datetime;fme_datetime
TekniskAnlægList;tek107PlaceringPåSøterritorie;50;int;fme_int32
TekniskAnlægList;tek107PlaceringPåSøterritorie_tekst;50;tekst;fme_varchar(50)
TekniskAnlægList;tek109Koordinat;50;tekst;fme_varchar(50)
TekniskAnlægList;tek110Driftstatus;50;int;fme_int32
TekniskAnlægList;tek110Driftstatus_tekst;50;tekst;fme_varchar(50)
TekniskAnlægList;tek111DatoForSenesteInspektion;0;datetime;fme_datetime
TekniskAnlægList;tek112InspicerendeVirksomhed;100;tekst;fme_varchar(100)
TekniskAnlægList;tek500Notatlinjer;100;tekst;fme_varchar(100)
TekniskAnlægList;virkningFra;50;datetime;fme_datetime
TekniskAnlægList;virkningTil;0;datetime;fme_datetime
TekniskAnlægList;virkningsaktør;50;tekst;fme_varchar(50)
TekniskAnlægList;xTid;0;datetime;fme_datetime