featuretype|name|fme_data_type|native_data_type|my_data_type|l�ngde|ny_l�ngde
BygningPaaFremmedGrundFlade_Foreloebig|fme_geometry{0}|fme_area|xml_area|fme_area|#N/A|#N/A
BygningPaaFremmedGrundFlade_Gaeldende|fme_geometry{0}|fme_area|xml_area|fme_area|#N/A|#N/A
Ejerlav_Foreloebig|fme_geometry{0}|fme_area|xml_area|fme_area|#N/A|#N/A
Ejerlav_Gaeldende|fme_geometry{0}|fme_area|xml_area|fme_area|#N/A|#N/A
Ejerlejlighed_Foreloebig|fme_geometry{0}|fme_area|xml_area|fme_area|#N/A|#N/A
Ejerlejlighed_Gaeldende|fme_geometry{0}|fme_area|xml_area|fme_area|#N/A|#N/A
Ejerlejlighedslod_Foreloebig|fme_geometry{0}|fme_area|xml_area|fme_area|#N/A|#N/A
Ejerlejlighedslod_Gaeldende|fme_geometry{0}|fme_area|xml_area|fme_area|#N/A|#N/A
Jordstykke_Foreloebig|fme_geometry{0}|fme_area|xml_area|fme_area|#N/A|#N/A
Jordstykke_Gaeldende|fme_geometry{0}|fme_area|xml_area|fme_area|#N/A|#N/A
MatrikelKommune_Foreloebig|fme_geometry{0}|fme_area|xml_area|fme_area|#N/A|#N/A
MatrikelKommune_Gaeldende|fme_geometry{0}|fme_area|xml_area|fme_area|#N/A|#N/A
MatrikelSogn_Foreloebig|fme_geometry{0}|fme_area|xml_area|fme_area|#N/A|#N/A
MatrikelSogn_Gaeldende|fme_geometry{0}|fme_area|xml_area|fme_area|#N/A|#N/A
SamletFastEjendom_Foreloebig|fme_geometry{0}|fme_area|xml_area|fme_area|#N/A|#N/A
SamletFastEjendom_Gaeldende|fme_geometry{0}|fme_area|xml_area|fme_area|#N/A|#N/A
Lodflade_Foreloebig|fme_geometry{0}|fme_area|xml_area|fme_area|#N/A|#N/A
Lodflade_Gaeldende|fme_geometry{0}|fme_area|xml_area|fme_area|#N/A|#N/A
MatrikulaerSag_Afsluttet|fme_geometry{0}|fme_area|xml_area|fme_area|#N/A|#N/A
MatrikulaerSag_Igangvaerende|fme_geometry{0}|fme_area|xml_area|fme_area|#N/A|#N/A
FredskovFlade_Foreloebig|fme_geometry{0}|fme_area|xml_area|fme_area|#N/A|#N/A
FredskovFlade_Gaeldende|fme_geometry{0}|fme_area|xml_area|fme_area|#N/A|#N/A
KlitfredningFlade_Foreloebig|fme_geometry{0}|fme_area|xml_area|fme_area|#N/A|#N/A
KlitfredningFlade_Gaeldende|fme_geometry{0}|fme_area|xml_area|fme_area|#N/A|#N/A
StrandbeskyttelseFlade_Foreloebig|fme_geometry{0}|fme_area|xml_area|fme_area|#N/A|#N/A
StrandbeskyttelseFlade_Gaeldende|fme_geometry{0}|fme_area|xml_area|fme_area|#N/A|#N/A
SamletFastEjendom_Foreloebig|arbejderbolig|fme_boolean|xml_boolean|fme_boolean|5|50
SamletFastEjendom_Gaeldende|arbejderbolig|fme_boolean|xml_boolean|fme_boolean|5|50
Jordstykke_Foreloebig|brugsretsareal|fme_boolean|xml_boolean|fme_boolean|5|50
Jordstykke_Gaeldende|brugsretsareal|fme_boolean|xml_boolean|fme_boolean|5|50
SamletFastEjendom_Foreloebig|erFaelleslod|fme_boolean|xml_boolean|fme_boolean|5|50
SamletFastEjendom_Gaeldende|erFaelleslod|fme_boolean|xml_boolean|fme_boolean|5|50
Jordstykke_Foreloebig|faelleslod|fme_boolean|xml_boolean|fme_boolean|5|50
Jordstykke_Gaeldende|faelleslod|fme_boolean|xml_boolean|fme_boolean|5|50
SamletFastEjendom_Foreloebig|hovedejendomOpdeltIEjerlejligheder|fme_boolean|xml_boolean|fme_boolean|5|50
SamletFastEjendom_Gaeldende|hovedejendomOpdeltIEjerlejligheder|fme_boolean|xml_boolean|fme_boolean|5|50
Ejerlejlighed_Foreloebig|iBygningPaaFremmedGrund|fme_boolean|xml_boolean|fme_boolean|0|0
Ejerlejlighed_Gaeldende|iBygningPaaFremmedGrund|fme_boolean|xml_boolean|fme_boolean|0|0
BygningPaaFremmedGrundFlade_Foreloebig|opdeltIEjerlejligheder|fme_boolean|xml_boolean|fme_boolean|5|50
BygningPaaFremmedGrundFlade_Gaeldende|opdeltIEjerlejligheder|fme_boolean|xml_boolean|fme_boolean|5|50
BygningPaaFremmedGrundPunkt_Foreloebig|opdeltIEjerlejligheder|fme_boolean|xml_boolean|fme_boolean|5|50
BygningPaaFremmedGrundPunkt_Gaeldende|opdeltIEjerlejligheder|fme_boolean|xml_boolean|fme_boolean|5|50
BygningPaaFremmedGrundFlade_Foreloebig|paaHavet|fme_boolean|xml_boolean|fme_boolean|5|50
BygningPaaFremmedGrundFlade_Gaeldende|paaHavet|fme_boolean|xml_boolean|fme_boolean|5|50
BygningPaaFremmedGrundPunkt_Foreloebig|paaHavet|fme_boolean|xml_boolean|fme_boolean|5|50
BygningPaaFremmedGrundPunkt_Gaeldende|paaHavet|fme_boolean|xml_boolean|fme_boolean|5|50
Jordstykke_Foreloebig|stormfaldsnotering|fme_boolean|xml_boolean|fme_boolean|5|50
Jordstykke_Gaeldende|stormfaldsnotering|fme_boolean|xml_boolean|fme_boolean|5|50
SamletFastEjendom_Foreloebig|udskiltVej|fme_boolean|xml_boolean|fme_boolean|5|50
SamletFastEjendom_Gaeldende|udskiltVej|fme_boolean|xml_boolean|fme_boolean|5|50
Jordstykke_Foreloebig|arealbetegnelse|fme_buffer|xml_buffer|fme_varchar(50)|32|50
Jordstykke_Gaeldende|arealbetegnelse|fme_buffer|xml_buffer|fme_varchar(50)|32|50
Ejerlejlighed_Foreloebig|bygningPaaFremmedGrundLokalId|fme_buffer|xml_buffer|fme_varchar(50)|0|0
Ejerlejlighed_Gaeldende|bygningPaaFremmedGrundLokalId|fme_buffer|xml_buffer|fme_varchar(50)|0|0
Jordstykke_Foreloebig|delnummer|fme_buffer|xml_buffer|fme_varchar(50)|11|50
Jordstykke_Gaeldende|delnummer|fme_buffer|xml_buffer|fme_varchar(50)|11|50
Ejerlav_Foreloebig|ejerlavsnavn|fme_buffer|xml_buffer|fme_varchar(50)|32|50
Ejerlav_Gaeldende|ejerlavsnavn|fme_buffer|xml_buffer|fme_varchar(50)|32|50
Ejerlejlighedslod_Foreloebig|ejerlejlighedLokalId|fme_buffer|xml_buffer|fme_varchar(50)|0|0
Ejerlejlighedslod_Gaeldende|ejerlejlighedLokalId|fme_buffer|xml_buffer|fme_varchar(50)|0|0
Ejerlejlighed_Foreloebig|ejerlejlighedskort|fme_buffer|xml_buffer|fme_varchar(50)|0|0
Ejerlejlighed_Gaeldende|ejerlejlighedskort|fme_buffer|xml_buffer|fme_varchar(50)|0|0
Ejerlejlighed_Foreloebig|ejerlejlighedsnummer|fme_buffer|xml_buffer|fme_varchar(50)|0|0
Ejerlejlighed_Gaeldende|ejerlejlighedsnummer|fme_buffer|xml_buffer|fme_varchar(50)|0|0
Ejerlejlighedslod_Foreloebig|etagebetegnelse|fme_buffer|xml_buffer|fme_varchar(50)|0|0
Ejerlejlighedslod_Gaeldende|etagebetegnelse|fme_buffer|xml_buffer|fme_varchar(50)|0|0
Jordstykke_Foreloebig|fredskov.fredskovsareal.uom|fme_buffer|xml_buffer|fme_varchar(50)|2|50
Jordstykke_Gaeldende|fredskov.fredskovsareal.uom|fme_buffer|xml_buffer|fme_varchar(50)|2|50
BygningPaaFremmedGrundFlade_Foreloebig|geometri|fme_buffer|xml_geometry|fme_varchar(50)|0|0
BygningPaaFremmedGrundFlade_Gaeldende|geometri|fme_buffer|xml_geometry|fme_varchar(50)|0|0
BygningPaaFremmedGrundPunkt_Foreloebig|geometri|fme_buffer|xml_geometry|fme_varchar(50)|0|0
BygningPaaFremmedGrundPunkt_Gaeldende|geometri|fme_buffer|xml_geometry|fme_varchar(50)|0|0
Centroide_Foreloebig|geometri|fme_buffer|xml_geometry|fme_varchar(50)|0|0
Centroide_Gaeldende|geometri|fme_buffer|xml_geometry|fme_varchar(50)|0|0
Ejerlav_Foreloebig|geometri|fme_buffer|xml_geometry|fme_varchar(50)|0|0
Ejerlav_Gaeldende|geometri|fme_buffer|xml_geometry|fme_varchar(50)|0|0
Ejerlejlighed_Foreloebig|geometri|fme_buffer|xml_geometry|fme_varchar(50)|0|0
Ejerlejlighed_Gaeldende|geometri|fme_buffer|xml_geometry|fme_varchar(50)|0|0
Ejerlejlighedslod_Foreloebig|geometri|fme_buffer|xml_geometry|fme_varchar(50)|0|0
Ejerlejlighedslod_Gaeldende|geometri|fme_buffer|xml_geometry|fme_varchar(50)|0|0
Jordstykke_Foreloebig|geometri|fme_buffer|xml_geometry|fme_varchar(50)|0|0
Jordstykke_Gaeldende|geometri|fme_buffer|xml_geometry|fme_varchar(50)|0|0
MatrikelKommune_Foreloebig|geometri|fme_buffer|xml_geometry|fme_varchar(50)|0|0
MatrikelKommune_Gaeldende|geometri|fme_buffer|xml_geometry|fme_varchar(50)|0|0
Matrikelskel_Foreloebig|geometri|fme_buffer|xml_geometry|fme_varchar(50)|0|0
Matrikelskel_Gaeldende|geometri|fme_buffer|xml_geometry|fme_varchar(50)|0|0
MatrikelSogn_Foreloebig|geometri|fme_buffer|xml_geometry|fme_varchar(50)|0|0
MatrikelSogn_Gaeldende|geometri|fme_buffer|xml_geometry|fme_varchar(50)|0|0
Nullinje_Foreloebig|geometri|fme_buffer|xml_geometry|fme_varchar(50)|0|0
Nullinje_Gaeldende|geometri|fme_buffer|xml_geometry|fme_varchar(50)|0|0
OptagetVej_Foreloebig|geometri|fme_buffer|xml_geometry|fme_varchar(50)|0|0
OptagetVej_Gaeldende|geometri|fme_buffer|xml_geometry|fme_varchar(50)|0|0
SamletFastEjendom_Foreloebig|geometri|fme_buffer|xml_geometry|fme_varchar(50)|0|0
SamletFastEjendom_Gaeldende|geometri|fme_buffer|xml_geometry|fme_varchar(50)|0|0
Skelpunkt_Foreloebig|geometri|fme_buffer|xml_geometry|fme_varchar(50)|0|0
Skelpunkt_Gaeldende|geometri|fme_buffer|xml_geometry|fme_varchar(50)|0|0
Lodflade_Foreloebig|geometri|fme_buffer|xml_geometry|fme_varchar(50)|0|0
Lodflade_Gaeldende|geometri|fme_buffer|xml_geometry|fme_varchar(50)|0|0
MatrikulaerSag_Afsluttet|geometri|fme_buffer|xml_geometry|fme_varchar(50)|0|0
MatrikulaerSag_Igangvaerende|geometri|fme_buffer|xml_geometry|fme_varchar(50)|0|0
FredskovFlade_Foreloebig|geometri|fme_buffer|xml_geometry|fme_varchar(50)|0|0
FredskovFlade_Gaeldende|geometri|fme_buffer|xml_geometry|fme_varchar(50)|0|0
FredskovLinje_Foreloebig|geometri|fme_buffer|xml_geometry|fme_varchar(50)|0|0
FredskovLinje_Gaeldende|geometri|fme_buffer|xml_geometry|fme_varchar(50)|0|0
KlitfredningFlade_Foreloebig|geometri|fme_buffer|xml_geometry|fme_varchar(50)|0|0
KlitfredningFlade_Gaeldende|geometri|fme_buffer|xml_geometry|fme_varchar(50)|0|0
KlitfredningLinje_Foreloebig|geometri|fme_buffer|xml_geometry|fme_varchar(50)|0|0
KlitfredningLinje_Gaeldende|geometri|fme_buffer|xml_geometry|fme_varchar(50)|0|0
StrandbeskyttelseFlade_Foreloebig|geometri|fme_buffer|xml_geometry|fme_varchar(50)|0|0
StrandbeskyttelseFlade_Gaeldende|geometri|fme_buffer|xml_geometry|fme_varchar(50)|0|0
StrandbeskyttelseLinje_Foreloebig|geometri|fme_buffer|xml_geometry|fme_varchar(50)|0|0
StrandbeskyttelseLinje_Gaeldende|geometri|fme_buffer|xml_geometry|fme_varchar(50)|0|0
BygningPaaFremmedGrundFlade_Foreloebig|gml_id|fme_buffer|xml_buffer|fme_varchar(50)|40|50
BygningPaaFremmedGrundFlade_Gaeldende|gml_id|fme_buffer|xml_buffer|fme_varchar(50)|40|50
BygningPaaFremmedGrundPunkt_Foreloebig|gml_id|fme_buffer|xml_buffer|fme_varchar(50)|40|50
BygningPaaFremmedGrundPunkt_Gaeldende|gml_id|fme_buffer|xml_buffer|fme_varchar(50)|40|50
Centroide_Foreloebig|gml_id|fme_buffer|xml_buffer|fme_varchar(50)|40|50
Centroide_Gaeldende|gml_id|fme_buffer|xml_buffer|fme_varchar(50)|40|50
Ejerlav_Foreloebig|gml_id|fme_buffer|xml_buffer|fme_varchar(50)|40|50
Ejerlav_Gaeldende|gml_id|fme_buffer|xml_buffer|fme_varchar(50)|40|50
Ejerlejlighed_Foreloebig|gml_id|fme_buffer|xml_buffer|fme_varchar(50)|40|50
Ejerlejlighed_Gaeldende|gml_id|fme_buffer|xml_buffer|fme_varchar(50)|40|50
Ejerlejlighedslod_Foreloebig|gml_id|fme_buffer|xml_buffer|fme_varchar(50)|40|50
Ejerlejlighedslod_Gaeldende|gml_id|fme_buffer|xml_buffer|fme_varchar(50)|40|50
Jordstykke_Foreloebig|gml_id|fme_buffer|xml_buffer|fme_varchar(50)|40|50
Jordstykke_Gaeldende|gml_id|fme_buffer|xml_buffer|fme_varchar(50)|40|50
MatrikelKommune_Foreloebig|gml_id|fme_buffer|xml_buffer|fme_varchar(50)|40|50
MatrikelKommune_Gaeldende|gml_id|fme_buffer|xml_buffer|fme_varchar(50)|40|50
Matrikelskel_Foreloebig|gml_id|fme_buffer|xml_buffer|fme_varchar(50)|40|50
Matrikelskel_Gaeldende|gml_id|fme_buffer|xml_buffer|fme_varchar(50)|40|50
MatrikelSogn_Foreloebig|gml_id|fme_buffer|xml_buffer|fme_varchar(50)|40|50
MatrikelSogn_Gaeldende|gml_id|fme_buffer|xml_buffer|fme_varchar(50)|40|50
Nullinje_Foreloebig|gml_id|fme_buffer|xml_buffer|fme_varchar(50)|40|50
Nullinje_Gaeldende|gml_id|fme_buffer|xml_buffer|fme_varchar(50)|40|50
OptagetVej_Foreloebig|gml_id|fme_buffer|xml_buffer|fme_varchar(50)|40|50
OptagetVej_Gaeldende|gml_id|fme_buffer|xml_buffer|fme_varchar(50)|40|50
SamletFastEjendom_Foreloebig|gml_id|fme_buffer|xml_buffer|fme_varchar(50)|40|50
SamletFastEjendom_Gaeldende|gml_id|fme_buffer|xml_buffer|fme_varchar(50)|40|50
Skelpunkt_Foreloebig|gml_id|fme_buffer|xml_buffer|fme_varchar(50)|40|50
Skelpunkt_Gaeldende|gml_id|fme_buffer|xml_buffer|fme_varchar(50)|40|50
Lodflade_Foreloebig|gml_id|fme_buffer|xml_buffer|fme_varchar(50)|40|50
Lodflade_Gaeldende|gml_id|fme_buffer|xml_buffer|fme_varchar(50)|40|50
MatrikulaerSag_Afsluttet|gml_id|fme_buffer|xml_buffer|fme_varchar(50)|40|50
MatrikulaerSag_Igangvaerende|gml_id|fme_buffer|xml_buffer|fme_varchar(50)|40|50
FredskovFlade_Foreloebig|gml_id|fme_buffer|xml_buffer|fme_varchar(50)|40|50
FredskovFlade_Gaeldende|gml_id|fme_buffer|xml_buffer|fme_varchar(50)|40|50
FredskovLinje_Foreloebig|gml_id|fme_buffer|xml_buffer|fme_varchar(50)|40|50
FredskovLinje_Gaeldende|gml_id|fme_buffer|xml_buffer|fme_varchar(50)|40|50
KlitfredningFlade_Foreloebig|gml_id|fme_buffer|xml_buffer|fme_varchar(50)|40|50
KlitfredningFlade_Gaeldende|gml_id|fme_buffer|xml_buffer|fme_varchar(50)|40|50
KlitfredningLinje_Foreloebig|gml_id|fme_buffer|xml_buffer|fme_varchar(50)|40|50
KlitfredningLinje_Gaeldende|gml_id|fme_buffer|xml_buffer|fme_varchar(50)|40|50
StrandbeskyttelseFlade_Foreloebig|gml_id|fme_buffer|xml_buffer|fme_varchar(50)|40|50
StrandbeskyttelseFlade_Gaeldende|gml_id|fme_buffer|xml_buffer|fme_varchar(50)|40|50
StrandbeskyttelseLinje_Foreloebig|gml_id|fme_buffer|xml_buffer|fme_varchar(50)|40|50
StrandbeskyttelseLinje_Gaeldende|gml_id|fme_buffer|xml_buffer|fme_varchar(50)|40|50
BygningPaaFremmedGrundFlade_Foreloebig|gml_parent_id|fme_buffer|xml_buffer|fme_varchar(50)|0|0
BygningPaaFremmedGrundFlade_Gaeldende|gml_parent_id|fme_buffer|xml_buffer|fme_varchar(50)|0|0
BygningPaaFremmedGrundPunkt_Foreloebig|gml_parent_id|fme_buffer|xml_buffer|fme_varchar(50)|0|0
BygningPaaFremmedGrundPunkt_Gaeldende|gml_parent_id|fme_buffer|xml_buffer|fme_varchar(50)|0|0
Centroide_Foreloebig|gml_parent_id|fme_buffer|xml_buffer|fme_varchar(50)|0|0
Centroide_Gaeldende|gml_parent_id|fme_buffer|xml_buffer|fme_varchar(50)|0|0
Ejerlav_Foreloebig|gml_parent_id|fme_buffer|xml_buffer|fme_varchar(50)|0|0
Ejerlav_Gaeldende|gml_parent_id|fme_buffer|xml_buffer|fme_varchar(50)|0|0
Ejerlejlighed_Foreloebig|gml_parent_id|fme_buffer|xml_buffer|fme_varchar(50)|0|0
Ejerlejlighed_Gaeldende|gml_parent_id|fme_buffer|xml_buffer|fme_varchar(50)|0|0
Ejerlejlighedslod_Foreloebig|gml_parent_id|fme_buffer|xml_buffer|fme_varchar(50)|0|0
Ejerlejlighedslod_Gaeldende|gml_parent_id|fme_buffer|xml_buffer|fme_varchar(50)|0|0
Jordstykke_Foreloebig|gml_parent_id|fme_buffer|xml_buffer|fme_varchar(50)|0|0
Jordstykke_Gaeldende|gml_parent_id|fme_buffer|xml_buffer|fme_varchar(50)|0|0
MatrikelKommune_Foreloebig|gml_parent_id|fme_buffer|xml_buffer|fme_varchar(50)|0|0
MatrikelKommune_Gaeldende|gml_parent_id|fme_buffer|xml_buffer|fme_varchar(50)|0|0
Matrikelskel_Foreloebig|gml_parent_id|fme_buffer|xml_buffer|fme_varchar(50)|0|0
Matrikelskel_Gaeldende|gml_parent_id|fme_buffer|xml_buffer|fme_varchar(50)|0|0
MatrikelSogn_Foreloebig|gml_parent_id|fme_buffer|xml_buffer|fme_varchar(50)|0|0
MatrikelSogn_Gaeldende|gml_parent_id|fme_buffer|xml_buffer|fme_varchar(50)|0|0
Nullinje_Foreloebig|gml_parent_id|fme_buffer|xml_buffer|fme_varchar(50)|0|0
Nullinje_Gaeldende|gml_parent_id|fme_buffer|xml_buffer|fme_varchar(50)|0|0
OptagetVej_Foreloebig|gml_parent_id|fme_buffer|xml_buffer|fme_varchar(50)|0|0
OptagetVej_Gaeldende|gml_parent_id|fme_buffer|xml_buffer|fme_varchar(50)|0|0
SamletFastEjendom_Foreloebig|gml_parent_id|fme_buffer|xml_buffer|fme_varchar(50)|0|0
SamletFastEjendom_Gaeldende|gml_parent_id|fme_buffer|xml_buffer|fme_varchar(50)|0|0
Skelpunkt_Foreloebig|gml_parent_id|fme_buffer|xml_buffer|fme_varchar(50)|0|0
Skelpunkt_Gaeldende|gml_parent_id|fme_buffer|xml_buffer|fme_varchar(50)|0|0
Lodflade_Foreloebig|gml_parent_id|fme_buffer|xml_buffer|fme_varchar(50)|0|0
Lodflade_Gaeldende|gml_parent_id|fme_buffer|xml_buffer|fme_varchar(50)|0|0
MatrikulaerSag_Afsluttet|gml_parent_id|fme_buffer|xml_buffer|fme_varchar(50)|0|0
MatrikulaerSag_Igangvaerende|gml_parent_id|fme_buffer|xml_buffer|fme_varchar(50)|0|0
FredskovFlade_Foreloebig|gml_parent_id|fme_buffer|xml_buffer|fme_varchar(50)|0|0
FredskovFlade_Gaeldende|gml_parent_id|fme_buffer|xml_buffer|fme_varchar(50)|0|0
FredskovLinje_Foreloebig|gml_parent_id|fme_buffer|xml_buffer|fme_varchar(50)|0|0
FredskovLinje_Gaeldende|gml_parent_id|fme_buffer|xml_buffer|fme_varchar(50)|0|0
KlitfredningFlade_Foreloebig|gml_parent_id|fme_buffer|xml_buffer|fme_varchar(50)|0|0
KlitfredningFlade_Gaeldende|gml_parent_id|fme_buffer|xml_buffer|fme_varchar(50)|0|0
KlitfredningLinje_Foreloebig|gml_parent_id|fme_buffer|xml_buffer|fme_varchar(50)|0|0
KlitfredningLinje_Gaeldende|gml_parent_id|fme_buffer|xml_buffer|fme_varchar(50)|0|0
StrandbeskyttelseFlade_Foreloebig|gml_parent_id|fme_buffer|xml_buffer|fme_varchar(50)|0|0
StrandbeskyttelseFlade_Gaeldende|gml_parent_id|fme_buffer|xml_buffer|fme_varchar(50)|0|0
StrandbeskyttelseLinje_Foreloebig|gml_parent_id|fme_buffer|xml_buffer|fme_varchar(50)|0|0
StrandbeskyttelseLinje_Gaeldende|gml_parent_id|fme_buffer|xml_buffer|fme_varchar(50)|0|0
BygningPaaFremmedGrundFlade_Foreloebig|gml_parent_property|fme_buffer|xml_buffer|fme_varchar(50)|6|50
BygningPaaFremmedGrundFlade_Gaeldende|gml_parent_property|fme_buffer|xml_buffer|fme_varchar(50)|6|50
BygningPaaFremmedGrundPunkt_Foreloebig|gml_parent_property|fme_buffer|xml_buffer|fme_varchar(50)|6|50
BygningPaaFremmedGrundPunkt_Gaeldende|gml_parent_property|fme_buffer|xml_buffer|fme_varchar(50)|6|50
Centroide_Foreloebig|gml_parent_property|fme_buffer|xml_buffer|fme_varchar(50)|6|50
Centroide_Gaeldende|gml_parent_property|fme_buffer|xml_buffer|fme_varchar(50)|6|50
Ejerlav_Foreloebig|gml_parent_property|fme_buffer|xml_buffer|fme_varchar(50)|6|50
Ejerlav_Gaeldende|gml_parent_property|fme_buffer|xml_buffer|fme_varchar(50)|6|50
Ejerlejlighed_Foreloebig|gml_parent_property|fme_buffer|xml_buffer|fme_varchar(50)|6|50
Ejerlejlighed_Gaeldende|gml_parent_property|fme_buffer|xml_buffer|fme_varchar(50)|6|50
Ejerlejlighedslod_Foreloebig|gml_parent_property|fme_buffer|xml_buffer|fme_varchar(50)|6|50
Ejerlejlighedslod_Gaeldende|gml_parent_property|fme_buffer|xml_buffer|fme_varchar(50)|6|50
Jordstykke_Foreloebig|gml_parent_property|fme_buffer|xml_buffer|fme_varchar(50)|6|50
Jordstykke_Gaeldende|gml_parent_property|fme_buffer|xml_buffer|fme_varchar(50)|6|50
MatrikelKommune_Foreloebig|gml_parent_property|fme_buffer|xml_buffer|fme_varchar(50)|6|50
MatrikelKommune_Gaeldende|gml_parent_property|fme_buffer|xml_buffer|fme_varchar(50)|6|50
Matrikelskel_Foreloebig|gml_parent_property|fme_buffer|xml_buffer|fme_varchar(50)|6|50
Matrikelskel_Gaeldende|gml_parent_property|fme_buffer|xml_buffer|fme_varchar(50)|6|50
MatrikelSogn_Foreloebig|gml_parent_property|fme_buffer|xml_buffer|fme_varchar(50)|6|50
MatrikelSogn_Gaeldende|gml_parent_property|fme_buffer|xml_buffer|fme_varchar(50)|6|50
Nullinje_Foreloebig|gml_parent_property|fme_buffer|xml_buffer|fme_varchar(50)|6|50
Nullinje_Gaeldende|gml_parent_property|fme_buffer|xml_buffer|fme_varchar(50)|6|50
OptagetVej_Foreloebig|gml_parent_property|fme_buffer|xml_buffer|fme_varchar(50)|6|50
OptagetVej_Gaeldende|gml_parent_property|fme_buffer|xml_buffer|fme_varchar(50)|6|50
SamletFastEjendom_Foreloebig|gml_parent_property|fme_buffer|xml_buffer|fme_varchar(50)|6|50
SamletFastEjendom_Gaeldende|gml_parent_property|fme_buffer|xml_buffer|fme_varchar(50)|6|50
Skelpunkt_Foreloebig|gml_parent_property|fme_buffer|xml_buffer|fme_varchar(50)|6|50
Skelpunkt_Gaeldende|gml_parent_property|fme_buffer|xml_buffer|fme_varchar(50)|6|50
Lodflade_Foreloebig|gml_parent_property|fme_buffer|xml_buffer|fme_varchar(50)|6|50
Lodflade_Gaeldende|gml_parent_property|fme_buffer|xml_buffer|fme_varchar(50)|6|50
MatrikulaerSag_Afsluttet|gml_parent_property|fme_buffer|xml_buffer|fme_varchar(50)|6|50
MatrikulaerSag_Igangvaerende|gml_parent_property|fme_buffer|xml_buffer|fme_varchar(50)|6|50
FredskovFlade_Foreloebig|gml_parent_property|fme_buffer|xml_buffer|fme_varchar(50)|6|50
FredskovFlade_Gaeldende|gml_parent_property|fme_buffer|xml_buffer|fme_varchar(50)|6|50
FredskovLinje_Foreloebig|gml_parent_property|fme_buffer|xml_buffer|fme_varchar(50)|6|50
FredskovLinje_Gaeldende|gml_parent_property|fme_buffer|xml_buffer|fme_varchar(50)|6|50
KlitfredningFlade_Foreloebig|gml_parent_property|fme_buffer|xml_buffer|fme_varchar(50)|6|50
KlitfredningFlade_Gaeldende|gml_parent_property|fme_buffer|xml_buffer|fme_varchar(50)|6|50
KlitfredningLinje_Foreloebig|gml_parent_property|fme_buffer|xml_buffer|fme_varchar(50)|6|50
KlitfredningLinje_Gaeldende|gml_parent_property|fme_buffer|xml_buffer|fme_varchar(50)|6|50
StrandbeskyttelseFlade_Foreloebig|gml_parent_property|fme_buffer|xml_buffer|fme_varchar(50)|6|50
StrandbeskyttelseFlade_Gaeldende|gml_parent_property|fme_buffer|xml_buffer|fme_varchar(50)|6|50
StrandbeskyttelseLinje_Foreloebig|gml_parent_property|fme_buffer|xml_buffer|fme_varchar(50)|6|50
StrandbeskyttelseLinje_Gaeldende|gml_parent_property|fme_buffer|xml_buffer|fme_varchar(50)|6|50
Matrikelskel_Foreloebig|hoejreJordstykkeLokalId|fme_buffer|xml_buffer|fme_varchar(50)|9|50
Matrikelskel_Gaeldende|hoejreJordstykkeLokalId|fme_buffer|xml_buffer|fme_varchar(50)|9|50
BygningPaaFremmedGrundFlade_Foreloebig|id.lokalId|fme_buffer|xml_buffer|fme_varchar(50)|19|50
BygningPaaFremmedGrundFlade_Gaeldende|id.lokalId|fme_buffer|xml_buffer|fme_varchar(50)|19|50
BygningPaaFremmedGrundPunkt_Foreloebig|id.lokalId|fme_buffer|xml_buffer|fme_varchar(50)|19|50
BygningPaaFremmedGrundPunkt_Gaeldende|id.lokalId|fme_buffer|xml_buffer|fme_varchar(50)|19|50
Centroide_Foreloebig|id.lokalId|fme_buffer|xml_buffer|fme_varchar(50)|19|50
Centroide_Gaeldende|id.lokalId|fme_buffer|xml_buffer|fme_varchar(50)|19|50
Ejerlav_Foreloebig|id.lokalId|fme_buffer|xml_buffer|fme_varchar(50)|19|50
Ejerlav_Gaeldende|id.lokalId|fme_buffer|xml_buffer|fme_varchar(50)|19|50
Ejerlejlighed_Foreloebig|id.lokalId|fme_buffer|xml_buffer|fme_varchar(50)|19|50
Ejerlejlighed_Gaeldende|id.lokalId|fme_buffer|xml_buffer|fme_varchar(50)|19|50
Ejerlejlighedslod_Foreloebig|id.lokalId|fme_buffer|xml_buffer|fme_varchar(50)|19|50
Ejerlejlighedslod_Gaeldende|id.lokalId|fme_buffer|xml_buffer|fme_varchar(50)|19|50
Jordstykke_Foreloebig|id.lokalId|fme_buffer|xml_buffer|fme_varchar(50)|19|50
Jordstykke_Gaeldende|id.lokalId|fme_buffer|xml_buffer|fme_varchar(50)|19|50
MatrikelKommune_Foreloebig|id.lokalId|fme_buffer|xml_buffer|fme_varchar(50)|19|50
MatrikelKommune_Gaeldende|id.lokalId|fme_buffer|xml_buffer|fme_varchar(50)|19|50
Matrikelskel_Foreloebig|id.lokalId|fme_buffer|xml_buffer|fme_varchar(50)|19|50
Matrikelskel_Gaeldende|id.lokalId|fme_buffer|xml_buffer|fme_varchar(50)|19|50
MatrikelSogn_Foreloebig|id.lokalId|fme_buffer|xml_buffer|fme_varchar(50)|19|50
MatrikelSogn_Gaeldende|id.lokalId|fme_buffer|xml_buffer|fme_varchar(50)|19|50
Nullinje_Foreloebig|id.lokalId|fme_buffer|xml_buffer|fme_varchar(50)|19|50
Nullinje_Gaeldende|id.lokalId|fme_buffer|xml_buffer|fme_varchar(50)|19|50
OptagetVej_Foreloebig|id.lokalId|fme_buffer|xml_buffer|fme_varchar(50)|19|50
OptagetVej_Gaeldende|id.lokalId|fme_buffer|xml_buffer|fme_varchar(50)|19|50
SamletFastEjendom_Foreloebig|id.lokalId|fme_buffer|xml_buffer|fme_varchar(50)|19|50
SamletFastEjendom_Gaeldende|id.lokalId|fme_buffer|xml_buffer|fme_varchar(50)|19|50
Skelpunkt_Foreloebig|id.lokalId|fme_buffer|xml_buffer|fme_varchar(50)|19|50
Skelpunkt_Gaeldende|id.lokalId|fme_buffer|xml_buffer|fme_varchar(50)|19|50
Lodflade_Foreloebig|id.lokalId|fme_buffer|xml_buffer|fme_varchar(50)|19|50
Lodflade_Gaeldende|id.lokalId|fme_buffer|xml_buffer|fme_varchar(50)|19|50
MatrikulaerSag_Afsluttet|id.lokalId|fme_buffer|xml_buffer|fme_varchar(50)|19|50
MatrikulaerSag_Igangvaerende|id.lokalId|fme_buffer|xml_buffer|fme_varchar(50)|19|50
FredskovFlade_Foreloebig|id.lokalId|fme_buffer|xml_buffer|fme_varchar(50)|19|50
FredskovFlade_Gaeldende|id.lokalId|fme_buffer|xml_buffer|fme_varchar(50)|19|50
FredskovLinje_Foreloebig|id.lokalId|fme_buffer|xml_buffer|fme_varchar(50)|19|50
FredskovLinje_Gaeldende|id.lokalId|fme_buffer|xml_buffer|fme_varchar(50)|19|50
KlitfredningFlade_Foreloebig|id.lokalId|fme_buffer|xml_buffer|fme_varchar(50)|19|50
KlitfredningFlade_Gaeldende|id.lokalId|fme_buffer|xml_buffer|fme_varchar(50)|19|50
KlitfredningLinje_Foreloebig|id.lokalId|fme_buffer|xml_buffer|fme_varchar(50)|19|50
KlitfredningLinje_Gaeldende|id.lokalId|fme_buffer|xml_buffer|fme_varchar(50)|19|50
StrandbeskyttelseFlade_Foreloebig|id.lokalId|fme_buffer|xml_buffer|fme_varchar(50)|19|50
StrandbeskyttelseFlade_Gaeldende|id.lokalId|fme_buffer|xml_buffer|fme_varchar(50)|19|50
StrandbeskyttelseLinje_Foreloebig|id.lokalId|fme_buffer|xml_buffer|fme_varchar(50)|19|50
StrandbeskyttelseLinje_Gaeldende|id.lokalId|fme_buffer|xml_buffer|fme_varchar(50)|19|50
BygningPaaFremmedGrundFlade_Foreloebig|id.namespace|fme_buffer|xml_buffer|fme_varchar(100)|56|100
BygningPaaFremmedGrundFlade_Gaeldende|id.namespace|fme_buffer|xml_buffer|fme_varchar(100)|56|100
BygningPaaFremmedGrundPunkt_Foreloebig|id.namespace|fme_buffer|xml_buffer|fme_varchar(100)|56|100
BygningPaaFremmedGrundPunkt_Gaeldende|id.namespace|fme_buffer|xml_buffer|fme_varchar(100)|56|100
Centroide_Foreloebig|id.namespace|fme_buffer|xml_buffer|fme_varchar(100)|56|100
Centroide_Gaeldende|id.namespace|fme_buffer|xml_buffer|fme_varchar(100)|56|100
Ejerlav_Foreloebig|id.namespace|fme_buffer|xml_buffer|fme_varchar(100)|56|100
Ejerlav_Gaeldende|id.namespace|fme_buffer|xml_buffer|fme_varchar(100)|56|100
Ejerlejlighed_Foreloebig|id.namespace|fme_buffer|xml_buffer|fme_varchar(100)|56|100
Ejerlejlighed_Gaeldende|id.namespace|fme_buffer|xml_buffer|fme_varchar(100)|56|100
Ejerlejlighedslod_Foreloebig|id.namespace|fme_buffer|xml_buffer|fme_varchar(100)|56|100
Ejerlejlighedslod_Gaeldende|id.namespace|fme_buffer|xml_buffer|fme_varchar(100)|56|100
Jordstykke_Foreloebig|id.namespace|fme_buffer|xml_buffer|fme_varchar(100)|56|100
Jordstykke_Gaeldende|id.namespace|fme_buffer|xml_buffer|fme_varchar(100)|56|100
MatrikelKommune_Foreloebig|id.namespace|fme_buffer|xml_buffer|fme_varchar(100)|56|100
MatrikelKommune_Gaeldende|id.namespace|fme_buffer|xml_buffer|fme_varchar(100)|56|100
Matrikelskel_Foreloebig|id.namespace|fme_buffer|xml_buffer|fme_varchar(100)|56|100
Matrikelskel_Gaeldende|id.namespace|fme_buffer|xml_buffer|fme_varchar(100)|56|100
MatrikelSogn_Foreloebig|id.namespace|fme_buffer|xml_buffer|fme_varchar(100)|56|100
MatrikelSogn_Gaeldende|id.namespace|fme_buffer|xml_buffer|fme_varchar(100)|56|100
Nullinje_Foreloebig|id.namespace|fme_buffer|xml_buffer|fme_varchar(100)|56|100
Nullinje_Gaeldende|id.namespace|fme_buffer|xml_buffer|fme_varchar(100)|56|100
OptagetVej_Foreloebig|id.namespace|fme_buffer|xml_buffer|fme_varchar(100)|56|100
OptagetVej_Gaeldende|id.namespace|fme_buffer|xml_buffer|fme_varchar(100)|56|100
SamletFastEjendom_Foreloebig|id.namespace|fme_buffer|xml_buffer|fme_varchar(100)|56|100
SamletFastEjendom_Gaeldende|id.namespace|fme_buffer|xml_buffer|fme_varchar(100)|56|100
Skelpunkt_Foreloebig|id.namespace|fme_buffer|xml_buffer|fme_varchar(100)|56|100
Skelpunkt_Gaeldende|id.namespace|fme_buffer|xml_buffer|fme_varchar(100)|56|100
Lodflade_Foreloebig|id.namespace|fme_buffer|xml_buffer|fme_varchar(100)|56|100
Lodflade_Gaeldende|id.namespace|fme_buffer|xml_buffer|fme_varchar(100)|56|100
MatrikulaerSag_Afsluttet|id.namespace|fme_buffer|xml_buffer|fme_varchar(100)|56|100
MatrikulaerSag_Igangvaerende|id.namespace|fme_buffer|xml_buffer|fme_varchar(100)|56|100
FredskovFlade_Foreloebig|id.namespace|fme_buffer|xml_buffer|fme_varchar(100)|56|100
FredskovFlade_Gaeldende|id.namespace|fme_buffer|xml_buffer|fme_varchar(100)|56|100
FredskovLinje_Foreloebig|id.namespace|fme_buffer|xml_buffer|fme_varchar(100)|56|100
FredskovLinje_Gaeldende|id.namespace|fme_buffer|xml_buffer|fme_varchar(100)|56|100
KlitfredningFlade_Foreloebig|id.namespace|fme_buffer|xml_buffer|fme_varchar(100)|56|100
KlitfredningFlade_Gaeldende|id.namespace|fme_buffer|xml_buffer|fme_varchar(100)|56|100
KlitfredningLinje_Foreloebig|id.namespace|fme_buffer|xml_buffer|fme_varchar(100)|56|100
KlitfredningLinje_Gaeldende|id.namespace|fme_buffer|xml_buffer|fme_varchar(100)|56|100
StrandbeskyttelseFlade_Foreloebig|id.namespace|fme_buffer|xml_buffer|fme_varchar(100)|56|100
StrandbeskyttelseFlade_Gaeldende|id.namespace|fme_buffer|xml_buffer|fme_varchar(100)|56|100
StrandbeskyttelseLinje_Foreloebig|id.namespace|fme_buffer|xml_buffer|fme_varchar(100)|56|100
StrandbeskyttelseLinje_Gaeldende|id.namespace|fme_buffer|xml_buffer|fme_varchar(100)|56|100
Centroide_Foreloebig|jordstykkeLokalId|fme_buffer|xml_buffer|fme_varchar(50)|9|50
Centroide_Gaeldende|jordstykkeLokalId|fme_buffer|xml_buffer|fme_varchar(50)|9|50
Lodflade_Foreloebig|jordstykkeLokalId|fme_buffer|xml_buffer|fme_varchar(50)|9|50
Lodflade_Gaeldende|jordstykkeLokalId|fme_buffer|xml_buffer|fme_varchar(50)|9|50
MatrikulaerSag_Afsluttet|jordstykkeLokalId|fme_buffer|xml_buffer|fme_varchar(50)|9|50
MatrikulaerSag_Igangvaerende|jordstykkeLokalId|fme_buffer|xml_buffer|fme_varchar(50)|9|50
FredskovFlade_Foreloebig|jordstykkeLokalId|fme_buffer|xml_buffer|fme_varchar(50)|9|50
FredskovFlade_Gaeldende|jordstykkeLokalId|fme_buffer|xml_buffer|fme_varchar(50)|9|50
KlitfredningFlade_Foreloebig|jordstykkeLokalId|fme_buffer|xml_buffer|fme_varchar(50)|9|50
KlitfredningFlade_Gaeldende|jordstykkeLokalId|fme_buffer|xml_buffer|fme_varchar(50)|9|50
StrandbeskyttelseFlade_Foreloebig|jordstykkeLokalId|fme_buffer|xml_buffer|fme_varchar(50)|9|50
StrandbeskyttelseFlade_Gaeldende|jordstykkeLokalId|fme_buffer|xml_buffer|fme_varchar(50)|9|50
MatrikulaerSag_Afsluttet|journaliseringsdato|fme_buffer|xml_date|fme_datetime|0|0
MatrikulaerSag_Igangvaerende|journaliseringsdato|fme_buffer|xml_date|fme_datetime|0|0
Jordstykke_Foreloebig|klitfredning.klitfredningsareal.uom|fme_buffer|xml_buffer|fme_varchar(50)|2|50
Jordstykke_Gaeldende|klitfredning.klitfredningsareal.uom|fme_buffer|xml_buffer|fme_varchar(50)|2|50
MatrikulaerSag_Afsluttet|kommune|fme_buffer|xml_buffer|fme_varchar(50)|0|0
MatrikulaerSag_Igangvaerende|kommune|fme_buffer|xml_buffer|fme_varchar(50)|0|0
Jordstykke_Foreloebig|kommunekode|fme_buffer|xml_buffer|fme_varchar(50)|3|50
Jordstykke_Gaeldende|kommunekode|fme_buffer|xml_buffer|fme_varchar(50)|3|50
MatrikelKommune_Foreloebig|kommunekode|fme_buffer|xml_buffer|fme_varchar(50)|3|50
MatrikelKommune_Gaeldende|kommunekode|fme_buffer|xml_buffer|fme_varchar(50)|3|50
MatrikelKommune_Foreloebig|kommunenavn|fme_buffer|xml_buffer|fme_varchar(50)|17|50
MatrikelKommune_Gaeldende|kommunenavn|fme_buffer|xml_buffer|fme_varchar(50)|17|50
Ejerlejlighedslod_Foreloebig|lodAreal.uom|fme_buffer|xml_buffer|fme_varchar(50)|0|0
Ejerlejlighedslod_Gaeldende|lodAreal.uom|fme_buffer|xml_buffer|fme_varchar(50)|0|0
Ejerlejlighedslod_Foreloebig|lodBeliggenhedstekst|fme_buffer|xml_buffer|fme_varchar(50)|0|0
Ejerlejlighedslod_Gaeldende|lodBeliggenhedstekst|fme_buffer|xml_buffer|fme_varchar(50)|0|0
Ejerlejlighedslod_Foreloebig|lodLitra|fme_buffer|xml_buffer|fme_varchar(50)|0|0
Ejerlejlighedslod_Gaeldende|lodLitra|fme_buffer|xml_buffer|fme_varchar(50)|0|0
MatrikulaerSag_Afsluttet|matrikelmyndighedensJournalnummer|fme_buffer|xml_buffer|fme_varchar(50)|0|0
MatrikulaerSag_Igangvaerende|matrikelmyndighedensJournalnummer|fme_buffer|xml_buffer|fme_varchar(50)|0|0
Centroide_Foreloebig|matrikelnummer|fme_buffer|xml_buffer|fme_varchar(50)|11|50
Centroide_Gaeldende|matrikelnummer|fme_buffer|xml_buffer|fme_varchar(50)|11|50
Jordstykke_Foreloebig|matrikelnummer|fme_buffer|xml_buffer|fme_varchar(50)|11|50
Jordstykke_Gaeldende|matrikelnummer|fme_buffer|xml_buffer|fme_varchar(50)|11|50
MatrikulaerSag_Afsluttet|matrikelnummer|fme_buffer|xml_buffer|fme_varchar(50)|11|50
MatrikulaerSag_Igangvaerende|matrikelnummer|fme_buffer|xml_buffer|fme_varchar(50)|11|50
FredskovLinje_Foreloebig|matrikelskelLokalId|fme_buffer|xml_buffer|fme_varchar(50)|0|0
FredskovLinje_Gaeldende|matrikelskelLokalId|fme_buffer|xml_buffer|fme_varchar(50)|0|0
KlitfredningLinje_Foreloebig|matrikelskelLokalId|fme_buffer|xml_buffer|fme_varchar(50)|0|0
KlitfredningLinje_Gaeldende|matrikelskelLokalId|fme_buffer|xml_buffer|fme_varchar(50)|0|0
StrandbeskyttelseLinje_Foreloebig|matrikelskelLokalId|fme_buffer|xml_buffer|fme_varchar(50)|0|0
StrandbeskyttelseLinje_Gaeldende|matrikelskelLokalId|fme_buffer|xml_buffer|fme_varchar(50)|0|0
Matrikelskel_Foreloebig|oprindelseJournalnummer|fme_buffer|xml_buffer|fme_varchar(50)|12|50
Matrikelskel_Gaeldende|oprindelseJournalnummer|fme_buffer|xml_buffer|fme_varchar(50)|12|50
Skelpunkt_Foreloebig|oprindelseJournalnummer|fme_buffer|xml_buffer|fme_varchar(50)|12|50
Skelpunkt_Gaeldende|oprindelseJournalnummer|fme_buffer|xml_buffer|fme_varchar(50)|12|50
Matrikelskel_Foreloebig|oprindelsesSagsLokalId|fme_buffer|xml_buffer|fme_varchar(50)|9|50
Matrikelskel_Gaeldende|oprindelsesSagsLokalId|fme_buffer|xml_buffer|fme_varchar(50)|9|50
Skelpunkt_Foreloebig|oprindelsesSagsLokalId|fme_buffer|xml_buffer|fme_varchar(50)|9|50
Skelpunkt_Gaeldende|oprindelsesSagsLokalId|fme_buffer|xml_buffer|fme_varchar(50)|9|50
FredskovLinje_Foreloebig|originalTemafladeID|fme_buffer|xml_buffer|fme_varchar(50)|12|50
FredskovLinje_Gaeldende|originalTemafladeID|fme_buffer|xml_buffer|fme_varchar(50)|12|50
KlitfredningLinje_Foreloebig|originalTemafladeID|fme_buffer|xml_buffer|fme_varchar(50)|12|50
KlitfredningLinje_Gaeldende|originalTemafladeID|fme_buffer|xml_buffer|fme_varchar(50)|12|50
StrandbeskyttelseLinje_Foreloebig|originalTemafladeID|fme_buffer|xml_buffer|fme_varchar(50)|12|50
StrandbeskyttelseLinje_Gaeldende|originalTemafladeID|fme_buffer|xml_buffer|fme_varchar(50)|12|50
Jordstykke_Foreloebig|regionskode|fme_buffer|xml_buffer|fme_varchar(50)|4|50
Jordstykke_Gaeldende|regionskode|fme_buffer|xml_buffer|fme_varchar(50)|4|50
Jordstykke_Foreloebig|registreretAreal.uom|fme_buffer|xml_buffer|fme_varchar(50)|2|50
Jordstykke_Gaeldende|registreretAreal.uom|fme_buffer|xml_buffer|fme_varchar(50)|2|50
BygningPaaFremmedGrundFlade_Foreloebig|registreringFra|fme_buffer|xml_datetime|fme_datetime|29|50
BygningPaaFremmedGrundFlade_Gaeldende|registreringFra|fme_buffer|xml_datetime|fme_datetime|29|50
BygningPaaFremmedGrundPunkt_Foreloebig|registreringFra|fme_buffer|xml_datetime|fme_datetime|29|50
BygningPaaFremmedGrundPunkt_Gaeldende|registreringFra|fme_buffer|xml_datetime|fme_datetime|29|50
Centroide_Foreloebig|registreringFra|fme_buffer|xml_datetime|fme_datetime|29|50
Centroide_Gaeldende|registreringFra|fme_buffer|xml_datetime|fme_datetime|29|50
Ejerlav_Foreloebig|registreringFra|fme_buffer|xml_datetime|fme_datetime|29|50
Ejerlav_Gaeldende|registreringFra|fme_buffer|xml_datetime|fme_datetime|29|50
Ejerlejlighed_Foreloebig|registreringFra|fme_buffer|xml_datetime|fme_datetime|29|50
Ejerlejlighed_Gaeldende|registreringFra|fme_buffer|xml_datetime|fme_datetime|29|50
Ejerlejlighedslod_Foreloebig|registreringFra|fme_buffer|xml_datetime|fme_datetime|29|50
Ejerlejlighedslod_Gaeldende|registreringFra|fme_buffer|xml_datetime|fme_datetime|29|50
Jordstykke_Foreloebig|registreringFra|fme_buffer|xml_datetime|fme_datetime|29|50
Jordstykke_Gaeldende|registreringFra|fme_buffer|xml_datetime|fme_datetime|29|50
MatrikelKommune_Foreloebig|registreringFra|fme_buffer|xml_datetime|fme_datetime|29|50
MatrikelKommune_Gaeldende|registreringFra|fme_buffer|xml_datetime|fme_datetime|29|50
Matrikelskel_Foreloebig|registreringFra|fme_buffer|xml_datetime|fme_datetime|29|50
Matrikelskel_Gaeldende|registreringFra|fme_buffer|xml_datetime|fme_datetime|29|50
MatrikelSogn_Foreloebig|registreringFra|fme_buffer|xml_datetime|fme_datetime|29|50
MatrikelSogn_Gaeldende|registreringFra|fme_buffer|xml_datetime|fme_datetime|29|50
Nullinje_Foreloebig|registreringFra|fme_buffer|xml_datetime|fme_datetime|29|50
Nullinje_Gaeldende|registreringFra|fme_buffer|xml_datetime|fme_datetime|29|50
OptagetVej_Foreloebig|registreringFra|fme_buffer|xml_datetime|fme_datetime|29|50
OptagetVej_Gaeldende|registreringFra|fme_buffer|xml_datetime|fme_datetime|29|50
SamletFastEjendom_Foreloebig|registreringFra|fme_buffer|xml_datetime|fme_datetime|29|50
SamletFastEjendom_Gaeldende|registreringFra|fme_buffer|xml_datetime|fme_datetime|29|50
Skelpunkt_Foreloebig|registreringFra|fme_buffer|xml_datetime|fme_datetime|29|50
Skelpunkt_Gaeldende|registreringFra|fme_buffer|xml_datetime|fme_datetime|29|50
Lodflade_Foreloebig|registreringFra|fme_buffer|xml_datetime|fme_datetime|29|50
Lodflade_Gaeldende|registreringFra|fme_buffer|xml_datetime|fme_datetime|29|50
MatrikulaerSag_Afsluttet|registreringFra|fme_buffer|xml_datetime|fme_datetime|29|50
MatrikulaerSag_Igangvaerende|registreringFra|fme_buffer|xml_datetime|fme_datetime|29|50
FredskovFlade_Foreloebig|registreringFra|fme_buffer|xml_datetime|fme_datetime|29|50
FredskovFlade_Gaeldende|registreringFra|fme_buffer|xml_datetime|fme_datetime|29|50
FredskovLinje_Foreloebig|registreringFra|fme_buffer|xml_datetime|fme_datetime|29|50
FredskovLinje_Gaeldende|registreringFra|fme_buffer|xml_datetime|fme_datetime|29|50
KlitfredningFlade_Foreloebig|registreringFra|fme_buffer|xml_datetime|fme_datetime|29|50
KlitfredningFlade_Gaeldende|registreringFra|fme_buffer|xml_datetime|fme_datetime|29|50
KlitfredningLinje_Foreloebig|registreringFra|fme_buffer|xml_datetime|fme_datetime|29|50
KlitfredningLinje_Gaeldende|registreringFra|fme_buffer|xml_datetime|fme_datetime|29|50
StrandbeskyttelseFlade_Foreloebig|registreringFra|fme_buffer|xml_datetime|fme_datetime|29|50
StrandbeskyttelseFlade_Gaeldende|registreringFra|fme_buffer|xml_datetime|fme_datetime|29|50
StrandbeskyttelseLinje_Foreloebig|registreringFra|fme_buffer|xml_datetime|fme_datetime|29|50
StrandbeskyttelseLinje_Gaeldende|registreringFra|fme_buffer|xml_datetime|fme_datetime|29|50
MatrikulaerSag_Afsluttet|rekvirentRef|fme_buffer|xml_buffer|fme_varchar(50)|0|0
MatrikulaerSag_Igangvaerende|rekvirentRef|fme_buffer|xml_buffer|fme_varchar(50)|0|0
BygningPaaFremmedGrundFlade_Foreloebig|rids|fme_buffer|xml_buffer|fme_varchar(50)|0|0
BygningPaaFremmedGrundFlade_Gaeldende|rids|fme_buffer|xml_buffer|fme_varchar(50)|0|0
BygningPaaFremmedGrundPunkt_Foreloebig|rids|fme_buffer|xml_buffer|fme_varchar(50)|0|0
BygningPaaFremmedGrundPunkt_Gaeldende|rids|fme_buffer|xml_buffer|fme_varchar(50)|0|0
MatrikulaerSag_Afsluttet|sagstitel|fme_buffer|xml_buffer|fme_varchar(50)|0|0
MatrikulaerSag_Igangvaerende|sagstitel|fme_buffer|xml_buffer|fme_varchar(50)|0|0
Ejerlejlighed_Foreloebig|samletAreal.uom|fme_buffer|xml_buffer|fme_varchar(50)|0|0
Ejerlejlighed_Gaeldende|samletAreal.uom|fme_buffer|xml_buffer|fme_varchar(50)|0|0
BygningPaaFremmedGrundFlade_Foreloebig|samletFastEjendomLokalId|fme_buffer|xml_buffer|fme_varchar(50)|9|50
BygningPaaFremmedGrundFlade_Gaeldende|samletFastEjendomLokalId|fme_buffer|xml_buffer|fme_varchar(50)|9|50
BygningPaaFremmedGrundPunkt_Foreloebig|samletFastEjendomLokalId|fme_buffer|xml_buffer|fme_varchar(50)|9|50
BygningPaaFremmedGrundPunkt_Gaeldende|samletFastEjendomLokalId|fme_buffer|xml_buffer|fme_varchar(50)|9|50
Ejerlejlighed_Foreloebig|samletFastEjendomLokalId|fme_buffer|xml_buffer|fme_varchar(50)|9|50
Ejerlejlighed_Gaeldende|samletFastEjendomLokalId|fme_buffer|xml_buffer|fme_varchar(50)|9|50
Jordstykke_Foreloebig|samletFastEjendomLokalId|fme_buffer|xml_buffer|fme_varchar(50)|9|50
Jordstykke_Gaeldende|samletFastEjendomLokalId|fme_buffer|xml_buffer|fme_varchar(50)|9|50
BygningPaaFremmedGrundFlade_Foreloebig|senesteSagLokalId|fme_buffer|xml_buffer|fme_varchar(50)|9|50
BygningPaaFremmedGrundFlade_Gaeldende|senesteSagLokalId|fme_buffer|xml_buffer|fme_varchar(50)|9|50
BygningPaaFremmedGrundPunkt_Foreloebig|senesteSagLokalId|fme_buffer|xml_buffer|fme_varchar(50)|9|50
BygningPaaFremmedGrundPunkt_Gaeldende|senesteSagLokalId|fme_buffer|xml_buffer|fme_varchar(50)|9|50
Centroide_Foreloebig|senesteSagLokalId|fme_buffer|xml_buffer|fme_varchar(50)|9|50
Centroide_Gaeldende|senesteSagLokalId|fme_buffer|xml_buffer|fme_varchar(50)|9|50
Ejerlav_Foreloebig|senesteSagLokalId|fme_buffer|xml_buffer|fme_varchar(50)|9|50
Ejerlav_Gaeldende|senesteSagLokalId|fme_buffer|xml_buffer|fme_varchar(50)|9|50
Ejerlejlighed_Foreloebig|senesteSagLokalId|fme_buffer|xml_buffer|fme_varchar(50)|9|50
Ejerlejlighed_Gaeldende|senesteSagLokalId|fme_buffer|xml_buffer|fme_varchar(50)|9|50
Ejerlejlighedslod_Foreloebig|senesteSagLokalId|fme_buffer|xml_buffer|fme_varchar(50)|9|50
Ejerlejlighedslod_Gaeldende|senesteSagLokalId|fme_buffer|xml_buffer|fme_varchar(50)|9|50
Jordstykke_Foreloebig|senesteSagLokalId|fme_buffer|xml_buffer|fme_varchar(50)|9|50
Jordstykke_Gaeldende|senesteSagLokalId|fme_buffer|xml_buffer|fme_varchar(50)|9|50
MatrikelKommune_Foreloebig|senesteSagLokalId|fme_buffer|xml_buffer|fme_varchar(50)|9|50
MatrikelKommune_Gaeldende|senesteSagLokalId|fme_buffer|xml_buffer|fme_varchar(50)|9|50
Matrikelskel_Foreloebig|senesteSagLokalId|fme_buffer|xml_buffer|fme_varchar(50)|9|50
Matrikelskel_Gaeldende|senesteSagLokalId|fme_buffer|xml_buffer|fme_varchar(50)|9|50
MatrikelSogn_Foreloebig|senesteSagLokalId|fme_buffer|xml_buffer|fme_varchar(50)|9|50
MatrikelSogn_Gaeldende|senesteSagLokalId|fme_buffer|xml_buffer|fme_varchar(50)|9|50
Nullinje_Foreloebig|senesteSagLokalId|fme_buffer|xml_buffer|fme_varchar(50)|9|50
Nullinje_Gaeldende|senesteSagLokalId|fme_buffer|xml_buffer|fme_varchar(50)|9|50
OptagetVej_Foreloebig|senesteSagLokalId|fme_buffer|xml_buffer|fme_varchar(50)|9|50
OptagetVej_Gaeldende|senesteSagLokalId|fme_buffer|xml_buffer|fme_varchar(50)|9|50
SamletFastEjendom_Foreloebig|senesteSagLokalId|fme_buffer|xml_buffer|fme_varchar(50)|9|50
SamletFastEjendom_Gaeldende|senesteSagLokalId|fme_buffer|xml_buffer|fme_varchar(50)|9|50
Skelpunkt_Foreloebig|senesteSagLokalId|fme_buffer|xml_buffer|fme_varchar(50)|9|50
Skelpunkt_Gaeldende|senesteSagLokalId|fme_buffer|xml_buffer|fme_varchar(50)|9|50
Lodflade_Foreloebig|senesteSagLokalId|fme_buffer|xml_buffer|fme_varchar(50)|9|50
Lodflade_Gaeldende|senesteSagLokalId|fme_buffer|xml_buffer|fme_varchar(50)|9|50
FredskovFlade_Foreloebig|senesteSagLokalId|fme_buffer|xml_buffer|fme_varchar(50)|9|50
FredskovFlade_Gaeldende|senesteSagLokalId|fme_buffer|xml_buffer|fme_varchar(50)|9|50
FredskovLinje_Foreloebig|senesteSagLokalId|fme_buffer|xml_buffer|fme_varchar(50)|9|50
FredskovLinje_Gaeldende|senesteSagLokalId|fme_buffer|xml_buffer|fme_varchar(50)|9|50
KlitfredningFlade_Foreloebig|senesteSagLokalId|fme_buffer|xml_buffer|fme_varchar(50)|9|50
KlitfredningFlade_Gaeldende|senesteSagLokalId|fme_buffer|xml_buffer|fme_varchar(50)|9|50
KlitfredningLinje_Foreloebig|senesteSagLokalId|fme_buffer|xml_buffer|fme_varchar(50)|9|50
KlitfredningLinje_Gaeldende|senesteSagLokalId|fme_buffer|xml_buffer|fme_varchar(50)|9|50
StrandbeskyttelseFlade_Foreloebig|senesteSagLokalId|fme_buffer|xml_buffer|fme_varchar(50)|9|50
StrandbeskyttelseFlade_Gaeldende|senesteSagLokalId|fme_buffer|xml_buffer|fme_varchar(50)|9|50
StrandbeskyttelseLinje_Foreloebig|senesteSagLokalId|fme_buffer|xml_buffer|fme_varchar(50)|9|50
StrandbeskyttelseLinje_Gaeldende|senesteSagLokalId|fme_buffer|xml_buffer|fme_varchar(50)|9|50
Jordstykke_Foreloebig|skelforretningssagsLokalId|fme_buffer|xml_buffer|fme_varchar(50)|9|50
Jordstykke_Gaeldende|skelforretningssagsLokalId|fme_buffer|xml_buffer|fme_varchar(50)|9|50
Matrikelskel_Foreloebig|skelforretningsSagsLokalId|fme_buffer|xml_buffer|fme_varchar(50)|9|50
Matrikelskel_Gaeldende|skelforretningsSagsLokalId|fme_buffer|xml_buffer|fme_varchar(50)|9|50
Matrikelskel_Foreloebig|skelpunktLokalId_1|fme_buffer|xml_buffer|fme_varchar(50)|9|50
Matrikelskel_Gaeldende|skelpunktLokalId_1|fme_buffer|xml_buffer|fme_varchar(50)|9|50
Matrikelskel_Foreloebig|skelpunktLokalId_2|fme_buffer|xml_buffer|fme_varchar(50)|9|50
Matrikelskel_Gaeldende|skelpunktLokalId_2|fme_buffer|xml_buffer|fme_varchar(50)|9|50
Jordstykke_Foreloebig|sognekode|fme_buffer|xml_buffer|fme_varchar(50)|4|50
Jordstykke_Gaeldende|sognekode|fme_buffer|xml_buffer|fme_varchar(50)|4|50
MatrikelSogn_Foreloebig|sognekode|fme_buffer|xml_buffer|fme_varchar(50)|4|50
MatrikelSogn_Gaeldende|sognekode|fme_buffer|xml_buffer|fme_varchar(50)|4|50
MatrikelSogn_Foreloebig|sognenavn|fme_buffer|xml_buffer|fme_varchar(50)|16|50
MatrikelSogn_Gaeldende|sognenavn|fme_buffer|xml_buffer|fme_varchar(50)|16|50
Jordstykke_Foreloebig|stammerFraJordstykkeLokalId|fme_buffer|xml_buffer|fme_varchar(50)|9|50
Jordstykke_Gaeldende|stammerFraJordstykkeLokalId|fme_buffer|xml_buffer|fme_varchar(50)|9|50
Jordstykke_Foreloebig|strandbeskyttelse.strandbeskyttelsesareal.uom|fme_buffer|xml_buffer|fme_varchar(50)|2|50
Jordstykke_Gaeldende|strandbeskyttelse.strandbeskyttelsesareal.uom|fme_buffer|xml_buffer|fme_varchar(50)|2|50
Jordstykke_Foreloebig|supplerendeMaalingSagLokalId|fme_buffer|xml_buffer|fme_varchar(50)|9|50
Jordstykke_Gaeldende|supplerendeMaalingSagLokalId|fme_buffer|xml_buffer|fme_varchar(50)|9|50
Skelpunkt_Foreloebig|supplerendeMaalingSagsLokalId|fme_buffer|xml_buffer|fme_varchar(50)|9|50
Skelpunkt_Gaeldende|supplerendeMaalingSagsLokalId|fme_buffer|xml_buffer|fme_varchar(50)|9|50
Jordstykke_Foreloebig|vejareal.uom|fme_buffer|xml_buffer|fme_varchar(50)|2|50
Jordstykke_Gaeldende|vejareal.uom|fme_buffer|xml_buffer|fme_varchar(50)|2|50
Matrikelskel_Foreloebig|venstreJordstykkeLokalId|fme_buffer|xml_buffer|fme_varchar(50)|9|50
Matrikelskel_Gaeldende|venstreJordstykkeLokalId|fme_buffer|xml_buffer|fme_varchar(50)|9|50
BygningPaaFremmedGrundFlade_Foreloebig|virkningFra|fme_buffer|xml_datetime|fme_datetime|29|50
BygningPaaFremmedGrundFlade_Gaeldende|virkningFra|fme_buffer|xml_datetime|fme_datetime|29|50
BygningPaaFremmedGrundPunkt_Foreloebig|virkningFra|fme_buffer|xml_datetime|fme_datetime|29|50
BygningPaaFremmedGrundPunkt_Gaeldende|virkningFra|fme_buffer|xml_datetime|fme_datetime|29|50
Centroide_Foreloebig|virkningFra|fme_buffer|xml_datetime|fme_datetime|29|50
Centroide_Gaeldende|virkningFra|fme_buffer|xml_datetime|fme_datetime|29|50
Ejerlav_Foreloebig|virkningFra|fme_buffer|xml_datetime|fme_datetime|29|50
Ejerlav_Gaeldende|virkningFra|fme_buffer|xml_datetime|fme_datetime|29|50
Ejerlejlighed_Foreloebig|virkningFra|fme_buffer|xml_datetime|fme_datetime|29|50
Ejerlejlighed_Gaeldende|virkningFra|fme_buffer|xml_datetime|fme_datetime|29|50
Ejerlejlighedslod_Foreloebig|virkningFra|fme_buffer|xml_datetime|fme_datetime|29|50
Ejerlejlighedslod_Gaeldende|virkningFra|fme_buffer|xml_datetime|fme_datetime|29|50
Jordstykke_Foreloebig|virkningFra|fme_buffer|xml_datetime|fme_datetime|29|50
Jordstykke_Gaeldende|virkningFra|fme_buffer|xml_datetime|fme_datetime|29|50
MatrikelKommune_Foreloebig|virkningFra|fme_buffer|xml_datetime|fme_datetime|29|50
MatrikelKommune_Gaeldende|virkningFra|fme_buffer|xml_datetime|fme_datetime|29|50
Matrikelskel_Foreloebig|virkningFra|fme_buffer|xml_datetime|fme_datetime|29|50
Matrikelskel_Gaeldende|virkningFra|fme_buffer|xml_datetime|fme_datetime|29|50
MatrikelSogn_Foreloebig|virkningFra|fme_buffer|xml_datetime|fme_datetime|29|50
MatrikelSogn_Gaeldende|virkningFra|fme_buffer|xml_datetime|fme_datetime|29|50
Nullinje_Foreloebig|virkningFra|fme_buffer|xml_datetime|fme_datetime|29|50
Nullinje_Gaeldende|virkningFra|fme_buffer|xml_datetime|fme_datetime|29|50
OptagetVej_Foreloebig|virkningFra|fme_buffer|xml_datetime|fme_datetime|29|50
OptagetVej_Gaeldende|virkningFra|fme_buffer|xml_datetime|fme_datetime|29|50
SamletFastEjendom_Foreloebig|virkningFra|fme_buffer|xml_datetime|fme_datetime|29|50
SamletFastEjendom_Gaeldende|virkningFra|fme_buffer|xml_datetime|fme_datetime|29|50
Skelpunkt_Foreloebig|virkningFra|fme_buffer|xml_datetime|fme_datetime|29|50
Skelpunkt_Gaeldende|virkningFra|fme_buffer|xml_datetime|fme_datetime|29|50
Lodflade_Foreloebig|virkningFra|fme_buffer|xml_datetime|fme_datetime|29|50
Lodflade_Gaeldende|virkningFra|fme_buffer|xml_datetime|fme_datetime|29|50
MatrikulaerSag_Afsluttet|virkningFra|fme_buffer|xml_datetime|fme_datetime|29|50
MatrikulaerSag_Igangvaerende|virkningFra|fme_buffer|xml_datetime|fme_datetime|29|50
FredskovFlade_Foreloebig|virkningFra|fme_buffer|xml_datetime|fme_datetime|29|50
FredskovFlade_Gaeldende|virkningFra|fme_buffer|xml_datetime|fme_datetime|29|50
FredskovLinje_Foreloebig|virkningFra|fme_buffer|xml_datetime|fme_datetime|29|50
FredskovLinje_Gaeldende|virkningFra|fme_buffer|xml_datetime|fme_datetime|29|50
KlitfredningFlade_Foreloebig|virkningFra|fme_buffer|xml_datetime|fme_datetime|29|50
KlitfredningFlade_Gaeldende|virkningFra|fme_buffer|xml_datetime|fme_datetime|29|50
KlitfredningLinje_Foreloebig|virkningFra|fme_buffer|xml_datetime|fme_datetime|29|50
KlitfredningLinje_Gaeldende|virkningFra|fme_buffer|xml_datetime|fme_datetime|29|50
StrandbeskyttelseFlade_Foreloebig|virkningFra|fme_buffer|xml_datetime|fme_datetime|29|50
StrandbeskyttelseFlade_Gaeldende|virkningFra|fme_buffer|xml_datetime|fme_datetime|29|50
StrandbeskyttelseLinje_Foreloebig|virkningFra|fme_buffer|xml_datetime|fme_datetime|29|50
StrandbeskyttelseLinje_Gaeldende|virkningFra|fme_buffer|xml_datetime|fme_datetime|29|50
BygningPaaFremmedGrundFlade_Foreloebig|virkningsaktoer|fme_buffer|xml_buffer|fme_varchar(100)|58|100
BygningPaaFremmedGrundFlade_Gaeldende|virkningsaktoer|fme_buffer|xml_buffer|fme_varchar(100)|58|100
BygningPaaFremmedGrundPunkt_Foreloebig|virkningsaktoer|fme_buffer|xml_buffer|fme_varchar(100)|58|100
BygningPaaFremmedGrundPunkt_Gaeldende|virkningsaktoer|fme_buffer|xml_buffer|fme_varchar(100)|58|100
Centroide_Foreloebig|virkningsaktoer|fme_buffer|xml_buffer|fme_varchar(100)|58|100
Centroide_Gaeldende|virkningsaktoer|fme_buffer|xml_buffer|fme_varchar(100)|58|100
Ejerlav_Foreloebig|virkningsaktoer|fme_buffer|xml_buffer|fme_varchar(100)|58|100
Ejerlav_Gaeldende|virkningsaktoer|fme_buffer|xml_buffer|fme_varchar(100)|58|100
Ejerlejlighed_Foreloebig|virkningsaktoer|fme_buffer|xml_buffer|fme_varchar(100)|58|100
Ejerlejlighed_Gaeldende|virkningsaktoer|fme_buffer|xml_buffer|fme_varchar(100)|58|100
Ejerlejlighedslod_Foreloebig|virkningsaktoer|fme_buffer|xml_buffer|fme_varchar(100)|58|100
Ejerlejlighedslod_Gaeldende|virkningsaktoer|fme_buffer|xml_buffer|fme_varchar(100)|58|100
Jordstykke_Foreloebig|virkningsaktoer|fme_buffer|xml_buffer|fme_varchar(100)|58|100
Jordstykke_Gaeldende|virkningsaktoer|fme_buffer|xml_buffer|fme_varchar(100)|58|100
MatrikelKommune_Foreloebig|virkningsaktoer|fme_buffer|xml_buffer|fme_varchar(100)|58|100
MatrikelKommune_Gaeldende|virkningsaktoer|fme_buffer|xml_buffer|fme_varchar(100)|58|100
Matrikelskel_Foreloebig|virkningsaktoer|fme_buffer|xml_buffer|fme_varchar(100)|58|100
Matrikelskel_Gaeldende|virkningsaktoer|fme_buffer|xml_buffer|fme_varchar(100)|58|100
MatrikelSogn_Foreloebig|virkningsaktoer|fme_buffer|xml_buffer|fme_varchar(100)|58|100
MatrikelSogn_Gaeldende|virkningsaktoer|fme_buffer|xml_buffer|fme_varchar(100)|58|100
Nullinje_Foreloebig|virkningsaktoer|fme_buffer|xml_buffer|fme_varchar(100)|58|100
Nullinje_Gaeldende|virkningsaktoer|fme_buffer|xml_buffer|fme_varchar(100)|58|100
OptagetVej_Foreloebig|virkningsaktoer|fme_buffer|xml_buffer|fme_varchar(100)|58|100
OptagetVej_Gaeldende|virkningsaktoer|fme_buffer|xml_buffer|fme_varchar(100)|58|100
SamletFastEjendom_Foreloebig|virkningsaktoer|fme_buffer|xml_buffer|fme_varchar(100)|58|100
SamletFastEjendom_Gaeldende|virkningsaktoer|fme_buffer|xml_buffer|fme_varchar(100)|58|100
Skelpunkt_Foreloebig|virkningsaktoer|fme_buffer|xml_buffer|fme_varchar(100)|58|100
Skelpunkt_Gaeldende|virkningsaktoer|fme_buffer|xml_buffer|fme_varchar(100)|58|100
Lodflade_Foreloebig|virkningsaktoer|fme_buffer|xml_buffer|fme_varchar(100)|58|100
Lodflade_Gaeldende|virkningsaktoer|fme_buffer|xml_buffer|fme_varchar(100)|58|100
MatrikulaerSag_Afsluttet|virkningsaktoer|fme_buffer|xml_buffer|fme_varchar(100)|58|100
MatrikulaerSag_Igangvaerende|virkningsaktoer|fme_buffer|xml_buffer|fme_varchar(100)|58|100
FredskovFlade_Foreloebig|virkningsaktoer|fme_buffer|xml_buffer|fme_varchar(100)|58|100
FredskovFlade_Gaeldende|virkningsaktoer|fme_buffer|xml_buffer|fme_varchar(100)|58|100
FredskovLinje_Foreloebig|virkningsaktoer|fme_buffer|xml_buffer|fme_varchar(100)|58|100
FredskovLinje_Gaeldende|virkningsaktoer|fme_buffer|xml_buffer|fme_varchar(100)|58|100
KlitfredningFlade_Foreloebig|virkningsaktoer|fme_buffer|xml_buffer|fme_varchar(100)|58|100
KlitfredningFlade_Gaeldende|virkningsaktoer|fme_buffer|xml_buffer|fme_varchar(100)|58|100
KlitfredningLinje_Foreloebig|virkningsaktoer|fme_buffer|xml_buffer|fme_varchar(100)|58|100
KlitfredningLinje_Gaeldende|virkningsaktoer|fme_buffer|xml_buffer|fme_varchar(100)|58|100
StrandbeskyttelseFlade_Foreloebig|virkningsaktoer|fme_buffer|xml_buffer|fme_varchar(100)|58|100
StrandbeskyttelseFlade_Gaeldende|virkningsaktoer|fme_buffer|xml_buffer|fme_varchar(100)|58|100
StrandbeskyttelseLinje_Foreloebig|virkningsaktoer|fme_buffer|xml_buffer|fme_varchar(100)|58|100
StrandbeskyttelseLinje_Gaeldende|virkningsaktoer|fme_buffer|xml_buffer|fme_varchar(100)|58|100
BygningPaaFremmedGrundFlade_Foreloebig|BFEnummer|fme_int64|xml_int64|fme_int64|9|
BygningPaaFremmedGrundFlade_Gaeldende|BFEnummer|fme_int64|xml_int64|fme_int64|9|
BygningPaaFremmedGrundPunkt_Foreloebig|BFEnummer|fme_int64|xml_int64|fme_int64|9|
BygningPaaFremmedGrundPunkt_Gaeldende|BFEnummer|fme_int64|xml_int64|fme_int64|9|
Ejerlejlighed_Foreloebig|BFEnummer|fme_int64|xml_int64|fme_int64|9|
Ejerlejlighed_Gaeldende|BFEnummer|fme_int64|xml_int64|fme_int64|9|
SamletFastEjendom_Foreloebig|BFEnummer|fme_int64|xml_int64|fme_int64|9|
SamletFastEjendom_Gaeldende|BFEnummer|fme_int64|xml_int64|fme_int64|9|
Centroide_Foreloebig|ejerlavskode|fme_int64|xml_int64|fme_int64|7|
Centroide_Gaeldende|ejerlavskode|fme_int64|xml_int64|fme_int64|7|
Ejerlav_Foreloebig|ejerlavskode|fme_int64|xml_int64|fme_int64|7|
Ejerlav_Gaeldende|ejerlavskode|fme_int64|xml_int64|fme_int64|7|
Jordstykke_Foreloebig|ejerlavskode|fme_int64|xml_int64|fme_int64|7|
Jordstykke_Gaeldende|ejerlavskode|fme_int64|xml_int64|fme_int64|7|
MatrikulaerSag_Afsluttet|ejerlavskode|fme_int64|xml_int64|fme_int64|7|
MatrikulaerSag_Igangvaerende|ejerlavskode|fme_int64|xml_int64|fme_int64|7|
Ejerlejlighed_Foreloebig|fordelingstalNaevner|fme_int64|xml_int64|fme_int64|0|
Ejerlejlighed_Gaeldende|fordelingstalNaevner|fme_int64|xml_int64|fme_int64|0|
Ejerlejlighed_Foreloebig|fordelingstalTaeller|fme_int64|xml_int64|fme_int64|0|
Ejerlejlighed_Gaeldende|fordelingstalTaeller|fme_int64|xml_int64|fme_int64|0|
Jordstykke_Foreloebig|majoratsskov.majoratsskovsnummer|fme_int64|xml_int64|fme_int64|0|
Jordstykke_Gaeldende|majoratsskov.majoratsskovsnummer|fme_int64|xml_int64|fme_int64|0|
FredskovFlade_Foreloebig|temaFladeID|fme_int64|xml_int64|fme_int64|9|
FredskovFlade_Gaeldende|temaFladeID|fme_int64|xml_int64|fme_int64|9|
KlitfredningFlade_Foreloebig|temaFladeID|fme_int64|xml_int64|fme_int64|9|
KlitfredningFlade_Gaeldende|temaFladeID|fme_int64|xml_int64|fme_int64|9|
StrandbeskyttelseFlade_Foreloebig|temaFladeID|fme_int64|xml_int64|fme_int64|9|
StrandbeskyttelseFlade_Gaeldende|temaFladeID|fme_int64|xml_int64|fme_int64|9|
Matrikelskel_Foreloebig|transformationsId|fme_int64|xml_int64|fme_int64|8|
Matrikelskel_Gaeldende|transformationsId|fme_int64|xml_int64|fme_int64|8|
OptagetVej_Foreloebig|transformationsId|fme_int64|xml_int64|fme_int64|8|
OptagetVej_Gaeldende|transformationsId|fme_int64|xml_int64|fme_int64|8|
Skelpunkt_Foreloebig|transformationsId|fme_int64|xml_int64|fme_int64|8|
Skelpunkt_Gaeldende|transformationsId|fme_int64|xml_int64|fme_int64|8|
Matrikelskel_Foreloebig|fme_geometry{0}|fme_line|xml_line|fme_line|#N/A|
Matrikelskel_Gaeldende|fme_geometry{0}|fme_line|xml_line|fme_line|#N/A|
Nullinje_Foreloebig|fme_geometry{0}|fme_line|xml_line|fme_line|#N/A|
Nullinje_Gaeldende|fme_geometry{0}|fme_line|xml_line|fme_line|#N/A|
OptagetVej_Foreloebig|fme_geometry{0}|fme_line|xml_line|fme_line|#N/A|
OptagetVej_Gaeldende|fme_geometry{0}|fme_line|xml_line|fme_line|#N/A|
FredskovLinje_Foreloebig|fme_geometry{0}|fme_line|xml_line|fme_line|#N/A|
FredskovLinje_Gaeldende|fme_geometry{0}|fme_line|xml_line|fme_line|#N/A|
KlitfredningLinje_Foreloebig|fme_geometry{0}|fme_line|xml_line|fme_line|#N/A|
KlitfredningLinje_Gaeldende|fme_geometry{0}|fme_line|xml_line|fme_line|#N/A|
StrandbeskyttelseLinje_Foreloebig|fme_geometry{0}|fme_line|xml_line|fme_line|#N/A|
StrandbeskyttelseLinje_Gaeldende|fme_geometry{0}|fme_line|xml_line|fme_line|#N/A|
BygningPaaFremmedGrundPunkt_Foreloebig|fme_geometry{0}|fme_point|xml_point|fme_point|#N/A|
BygningPaaFremmedGrundPunkt_Gaeldende|fme_geometry{0}|fme_point|xml_point|fme_point|#N/A|
Centroide_Foreloebig|fme_geometry{0}|fme_point|xml_point|fme_point|#N/A|
Centroide_Gaeldende|fme_geometry{0}|fme_point|xml_point|fme_point|#N/A|
Skelpunkt_Foreloebig|fme_geometry{0}|fme_point|xml_point|fme_point|#N/A|
Skelpunkt_Gaeldende|fme_geometry{0}|fme_point|xml_point|fme_point|#N/A|
Jordstykke_Foreloebig|fredskov.fredskovsareal|fme_real64|xml_real64|fme_real64|8|
Jordstykke_Gaeldende|fredskov.fredskovsareal|fme_real64|xml_real64|fme_real64|8|
Jordstykke_Foreloebig|klitfredning.klitfredningsareal|fme_real64|xml_real64|fme_real64|7|
Jordstykke_Gaeldende|klitfredning.klitfredningsareal|fme_real64|xml_real64|fme_real64|7|
Ejerlejlighedslod_Foreloebig|lodAreal|fme_real64|xml_real64|fme_real64|0|
Ejerlejlighedslod_Gaeldende|lodAreal|fme_real64|xml_real64|fme_real64|0|
Jordstykke_Foreloebig|registreretAreal|fme_real64|xml_real64|fme_real64|8|
Jordstykke_Gaeldende|registreretAreal|fme_real64|xml_real64|fme_real64|8|
Ejerlejlighed_Foreloebig|samletAreal|fme_real64|xml_real64|fme_real64|0|
Ejerlejlighed_Gaeldende|samletAreal|fme_real64|xml_real64|fme_real64|0|
Jordstykke_Foreloebig|strandbeskyttelse.strandbeskyttelsesareal|fme_real64|xml_real64|fme_real64|7|
Jordstykke_Gaeldende|strandbeskyttelse.strandbeskyttelsesareal|fme_real64|xml_real64|fme_real64|7|
Jordstykke_Foreloebig|vejareal|fme_real64|xml_real64|fme_real64|6|
Jordstykke_Gaeldende|vejareal|fme_real64|xml_real64|fme_real64|6|
OptagetVej_Foreloebig|vejbredde|fme_real64|xml_real64|fme_real64|5|
OptagetVej_Gaeldende|vejbredde|fme_real64|xml_real64|fme_real64|5|
BygningPaaFremmedGrundFlade_Foreloebig|fme_geometry{1}|fme_surface|xml_surface|fme_surface|#N/A|
BygningPaaFremmedGrundFlade_Gaeldende|fme_geometry{1}|fme_surface|xml_surface|fme_surface|#N/A|
Ejerlejlighedslod_Foreloebig|fme_geometry{1}|fme_surface|xml_surface|fme_surface|#N/A|
Ejerlejlighedslod_Gaeldende|fme_geometry{1}|fme_surface|xml_surface|fme_surface|#N/A|
Jordstykke_Foreloebig|fme_geometry{1}|fme_surface|xml_surface|fme_surface|#N/A|
Jordstykke_Gaeldende|fme_geometry{1}|fme_surface|xml_surface|fme_surface|#N/A|
Lodflade_Foreloebig|fme_geometry{1}|fme_surface|xml_surface|fme_surface|#N/A|
Lodflade_Gaeldende|fme_geometry{1}|fme_surface|xml_surface|fme_surface|#N/A|
MatrikulaerSag_Afsluttet|fme_geometry{1}|fme_surface|xml_surface|fme_surface|#N/A|
MatrikulaerSag_Igangvaerende|fme_geometry{1}|fme_surface|xml_surface|fme_surface|#N/A|
FredskovFlade_Foreloebig|fme_geometry{1}|fme_surface|xml_surface|fme_surface|#N/A|
FredskovFlade_Gaeldende|fme_geometry{1}|fme_surface|xml_surface|fme_surface|#N/A|
KlitfredningFlade_Foreloebig|fme_geometry{1}|fme_surface|xml_surface|fme_surface|#N/A|
KlitfredningFlade_Gaeldende|fme_geometry{1}|fme_surface|xml_surface|fme_surface|#N/A|
StrandbeskyttelseFlade_Foreloebig|fme_geometry{1}|fme_surface|xml_surface|fme_surface|#N/A|
StrandbeskyttelseFlade_Gaeldende|fme_geometry{1}|fme_surface|xml_surface|fme_surface|#N/A|
Matrikelskel_Foreloebig|skeltype|fme_varchar(11)|xml_char(11)|fme_varchar(11)|11|50
Matrikelskel_Gaeldende|skeltype|fme_varchar(11)|xml_char(11)|fme_varchar(11)|11|50
MatrikulaerSag_Afsluttet|forretningshaendelse|fme_varchar(113)|xml_char(113)|fme_varchar(113)|75|100
MatrikulaerSag_Igangvaerende|forretningshaendelse|fme_varchar(113)|xml_char(113)|fme_varchar(113)|75|100
BygningPaaFremmedGrundFlade_Foreloebig|paataenktHandling|fme_varchar(12)|xml_char(12)|fme_varchar(12)|12|50
BygningPaaFremmedGrundFlade_Gaeldende|paataenktHandling|fme_varchar(12)|xml_char(12)|fme_varchar(12)|12|50
BygningPaaFremmedGrundPunkt_Foreloebig|paataenktHandling|fme_varchar(12)|xml_char(12)|fme_varchar(12)|12|50
BygningPaaFremmedGrundPunkt_Gaeldende|paataenktHandling|fme_varchar(12)|xml_char(12)|fme_varchar(12)|12|50
Centroide_Foreloebig|paataenktHandling|fme_varchar(12)|xml_char(12)|fme_varchar(12)|12|50
Centroide_Gaeldende|paataenktHandling|fme_varchar(12)|xml_char(12)|fme_varchar(12)|12|50
Ejerlejlighed_Foreloebig|paataenktHandling|fme_varchar(12)|xml_char(12)|fme_varchar(12)|12|50
Ejerlejlighed_Gaeldende|paataenktHandling|fme_varchar(12)|xml_char(12)|fme_varchar(12)|12|50
Ejerlejlighedslod_Foreloebig|paataenktHandling|fme_varchar(12)|xml_char(12)|fme_varchar(12)|12|50
Ejerlejlighedslod_Gaeldende|paataenktHandling|fme_varchar(12)|xml_char(12)|fme_varchar(12)|12|50
Jordstykke_Foreloebig|paataenktHandling|fme_varchar(12)|xml_char(12)|fme_varchar(12)|12|50
Jordstykke_Gaeldende|paataenktHandling|fme_varchar(12)|xml_char(12)|fme_varchar(12)|12|50
Matrikelskel_Foreloebig|paataenktHandling|fme_varchar(12)|xml_char(12)|fme_varchar(12)|12|50
Matrikelskel_Gaeldende|paataenktHandling|fme_varchar(12)|xml_char(12)|fme_varchar(12)|12|50
Nullinje_Foreloebig|paataenktHandling|fme_varchar(12)|xml_char(12)|fme_varchar(12)|12|50
Nullinje_Gaeldende|paataenktHandling|fme_varchar(12)|xml_char(12)|fme_varchar(12)|12|50
OptagetVej_Foreloebig|paataenktHandling|fme_varchar(12)|xml_char(12)|fme_varchar(12)|12|50
OptagetVej_Gaeldende|paataenktHandling|fme_varchar(12)|xml_char(12)|fme_varchar(12)|12|50
SamletFastEjendom_Foreloebig|paataenktHandling|fme_varchar(12)|xml_char(12)|fme_varchar(12)|12|50
SamletFastEjendom_Gaeldende|paataenktHandling|fme_varchar(12)|xml_char(12)|fme_varchar(12)|12|50
Skelpunkt_Foreloebig|paataenktHandling|fme_varchar(12)|xml_char(12)|fme_varchar(12)|12|50
Skelpunkt_Gaeldende|paataenktHandling|fme_varchar(12)|xml_char(12)|fme_varchar(12)|12|50
Lodflade_Foreloebig|paataenktHandling|fme_varchar(12)|xml_char(12)|fme_varchar(12)|12|50
Lodflade_Gaeldende|paataenktHandling|fme_varchar(12)|xml_char(12)|fme_varchar(12)|12|50
FredskovFlade_Foreloebig|paataenktHandling|fme_varchar(12)|xml_char(12)|fme_varchar(12)|12|50
FredskovFlade_Gaeldende|paataenktHandling|fme_varchar(12)|xml_char(12)|fme_varchar(12)|12|50
FredskovLinje_Foreloebig|paataenktHandling|fme_varchar(12)|xml_char(12)|fme_varchar(12)|12|50
FredskovLinje_Gaeldende|paataenktHandling|fme_varchar(12)|xml_char(12)|fme_varchar(12)|12|50
KlitfredningFlade_Foreloebig|paataenktHandling|fme_varchar(12)|xml_char(12)|fme_varchar(12)|12|50
KlitfredningFlade_Gaeldende|paataenktHandling|fme_varchar(12)|xml_char(12)|fme_varchar(12)|12|50
KlitfredningLinje_Foreloebig|paataenktHandling|fme_varchar(12)|xml_char(12)|fme_varchar(12)|12|50
KlitfredningLinje_Gaeldende|paataenktHandling|fme_varchar(12)|xml_char(12)|fme_varchar(12)|12|50
StrandbeskyttelseFlade_Foreloebig|paataenktHandling|fme_varchar(12)|xml_char(12)|fme_varchar(12)|12|50
StrandbeskyttelseFlade_Gaeldende|paataenktHandling|fme_varchar(12)|xml_char(12)|fme_varchar(12)|12|50
StrandbeskyttelseLinje_Foreloebig|paataenktHandling|fme_varchar(12)|xml_char(12)|fme_varchar(12)|12|50
StrandbeskyttelseLinje_Gaeldende|paataenktHandling|fme_varchar(12)|xml_char(12)|fme_varchar(12)|12|50
Jordstykke_Foreloebig|arealtype|fme_varchar(15)|xml_char(15)|fme_varchar(15)|15|50
Jordstykke_Gaeldende|arealtype|fme_varchar(15)|xml_char(15)|fme_varchar(15)|15|50
FredskovFlade_Foreloebig|tematype|fme_varchar(17)|xml_char(17)|fme_varchar(17)|17|50
FredskovFlade_Gaeldende|tematype|fme_varchar(17)|xml_char(17)|fme_varchar(17)|17|50
FredskovLinje_Foreloebig|tematype|fme_varchar(17)|xml_char(17)|fme_varchar(17)|17|50
FredskovLinje_Gaeldende|tematype|fme_varchar(17)|xml_char(17)|fme_varchar(17)|17|50
KlitfredningFlade_Foreloebig|tematype|fme_varchar(17)|xml_char(17)|fme_varchar(17)|17|50
KlitfredningFlade_Gaeldende|tematype|fme_varchar(17)|xml_char(17)|fme_varchar(17)|17|50
KlitfredningLinje_Foreloebig|tematype|fme_varchar(17)|xml_char(17)|fme_varchar(17)|17|50
KlitfredningLinje_Gaeldende|tematype|fme_varchar(17)|xml_char(17)|fme_varchar(17)|17|50
StrandbeskyttelseFlade_Foreloebig|tematype|fme_varchar(17)|xml_char(17)|fme_varchar(17)|17|50
StrandbeskyttelseFlade_Gaeldende|tematype|fme_varchar(17)|xml_char(17)|fme_varchar(17)|17|50
StrandbeskyttelseLinje_Foreloebig|tematype|fme_varchar(17)|xml_char(17)|fme_varchar(17)|17|50
StrandbeskyttelseLinje_Gaeldende|tematype|fme_varchar(17)|xml_char(17)|fme_varchar(17)|17|50
SamletFastEjendom_Foreloebig|landbrugsnotering|fme_varchar(19)|xml_char(19)|fme_varchar(19)|19|50
SamletFastEjendom_Gaeldende|landbrugsnotering|fme_varchar(19)|xml_char(19)|fme_varchar(19)|19|50
Jordstykke_Foreloebig|vejarealberegningsstatus|fme_varchar(20)|xml_char(20)|fme_varchar(20)|17|50
Jordstykke_Gaeldende|vejarealberegningsstatus|fme_varchar(20)|xml_char(20)|fme_varchar(20)|17|50
FredskovLinje_Foreloebig|forloeb|fme_varchar(27)|xml_char(27)|fme_varchar(27)|27|50
FredskovLinje_Gaeldende|forloeb|fme_varchar(27)|xml_char(27)|fme_varchar(27)|27|50
KlitfredningLinje_Foreloebig|forloeb|fme_varchar(27)|xml_char(27)|fme_varchar(27)|27|50
KlitfredningLinje_Gaeldende|forloeb|fme_varchar(27)|xml_char(27)|fme_varchar(27)|27|50
StrandbeskyttelseLinje_Foreloebig|forloeb|fme_varchar(27)|xml_char(27)|fme_varchar(27)|27|50
StrandbeskyttelseLinje_Gaeldende|forloeb|fme_varchar(27)|xml_char(27)|fme_varchar(27)|27|50
BygningPaaFremmedGrundFlade_Foreloebig|oprindelse|fme_varchar(27)|xml_char(27)|fme_varchar(27)|27|50
BygningPaaFremmedGrundFlade_Gaeldende|oprindelse|fme_varchar(27)|xml_char(27)|fme_varchar(27)|27|50
BygningPaaFremmedGrundPunkt_Foreloebig|oprindelse|fme_varchar(27)|xml_char(27)|fme_varchar(27)|27|50
BygningPaaFremmedGrundPunkt_Gaeldende|oprindelse|fme_varchar(27)|xml_char(27)|fme_varchar(27)|27|50
Matrikelskel_Foreloebig|administrativGraenseKode|fme_varchar(33)|xml_char(33)|fme_varchar(33)|33|50
Matrikelskel_Gaeldende|administrativGraenseKode|fme_varchar(33)|xml_char(33)|fme_varchar(33)|33|50
MatrikulaerSag_Afsluttet|status|fme_varchar(37)|xml_char(37)|fme_varchar(37)|0|0
MatrikulaerSag_Igangvaerende|status|fme_varchar(37)|xml_char(37)|fme_varchar(37)|0|0
BygningPaaFremmedGrundFlade_Foreloebig|forretningsproces|fme_varchar(42)|xml_char(42)|fme_varchar(42)|42|50
BygningPaaFremmedGrundFlade_Gaeldende|forretningsproces|fme_varchar(42)|xml_char(42)|fme_varchar(42)|42|50
BygningPaaFremmedGrundPunkt_Foreloebig|forretningsproces|fme_varchar(42)|xml_char(42)|fme_varchar(42)|42|50
BygningPaaFremmedGrundPunkt_Gaeldende|forretningsproces|fme_varchar(42)|xml_char(42)|fme_varchar(42)|42|50
Centroide_Foreloebig|forretningsproces|fme_varchar(42)|xml_char(42)|fme_varchar(42)|42|50
Centroide_Gaeldende|forretningsproces|fme_varchar(42)|xml_char(42)|fme_varchar(42)|42|50
Ejerlejlighed_Foreloebig|forretningsproces|fme_varchar(42)|xml_char(42)|fme_varchar(42)|42|50
Ejerlejlighed_Gaeldende|forretningsproces|fme_varchar(42)|xml_char(42)|fme_varchar(42)|42|50
Ejerlejlighedslod_Foreloebig|forretningsproces|fme_varchar(42)|xml_char(42)|fme_varchar(42)|42|50
Ejerlejlighedslod_Gaeldende|forretningsproces|fme_varchar(42)|xml_char(42)|fme_varchar(42)|42|50
Jordstykke_Foreloebig|forretningsproces|fme_varchar(42)|xml_char(42)|fme_varchar(42)|42|50
Jordstykke_Gaeldende|forretningsproces|fme_varchar(42)|xml_char(42)|fme_varchar(42)|42|50
Matrikelskel_Foreloebig|forretningsproces|fme_varchar(42)|xml_char(42)|fme_varchar(42)|42|50
Matrikelskel_Gaeldende|forretningsproces|fme_varchar(42)|xml_char(42)|fme_varchar(42)|42|50
Nullinje_Foreloebig|forretningsproces|fme_varchar(42)|xml_char(42)|fme_varchar(42)|42|50
Nullinje_Gaeldende|forretningsproces|fme_varchar(42)|xml_char(42)|fme_varchar(42)|42|50
OptagetVej_Foreloebig|forretningsproces|fme_varchar(42)|xml_char(42)|fme_varchar(42)|42|50
OptagetVej_Gaeldende|forretningsproces|fme_varchar(42)|xml_char(42)|fme_varchar(42)|42|50
SamletFastEjendom_Foreloebig|forretningsproces|fme_varchar(42)|xml_char(42)|fme_varchar(42)|42|50
SamletFastEjendom_Gaeldende|forretningsproces|fme_varchar(42)|xml_char(42)|fme_varchar(42)|42|50
Skelpunkt_Foreloebig|forretningsproces|fme_varchar(42)|xml_char(42)|fme_varchar(42)|42|50
Skelpunkt_Gaeldende|forretningsproces|fme_varchar(42)|xml_char(42)|fme_varchar(42)|42|50
Lodflade_Foreloebig|forretningsproces|fme_varchar(42)|xml_char(42)|fme_varchar(42)|42|50
Lodflade_Gaeldende|forretningsproces|fme_varchar(42)|xml_char(42)|fme_varchar(42)|42|50
FredskovFlade_Foreloebig|forretningsproces|fme_varchar(42)|xml_char(42)|fme_varchar(42)|42|50
FredskovFlade_Gaeldende|forretningsproces|fme_varchar(42)|xml_char(42)|fme_varchar(42)|42|50
FredskovLinje_Foreloebig|forretningsproces|fme_varchar(42)|xml_char(42)|fme_varchar(42)|42|50
FredskovLinje_Gaeldende|forretningsproces|fme_varchar(42)|xml_char(42)|fme_varchar(42)|42|50
KlitfredningFlade_Foreloebig|forretningsproces|fme_varchar(42)|xml_char(42)|fme_varchar(42)|42|50
KlitfredningFlade_Gaeldende|forretningsproces|fme_varchar(42)|xml_char(42)|fme_varchar(42)|42|50
KlitfredningLinje_Foreloebig|forretningsproces|fme_varchar(42)|xml_char(42)|fme_varchar(42)|42|50
KlitfredningLinje_Gaeldende|forretningsproces|fme_varchar(42)|xml_char(42)|fme_varchar(42)|42|50
StrandbeskyttelseFlade_Foreloebig|forretningsproces|fme_varchar(42)|xml_char(42)|fme_varchar(42)|42|50
StrandbeskyttelseFlade_Gaeldende|forretningsproces|fme_varchar(42)|xml_char(42)|fme_varchar(42)|42|50
StrandbeskyttelseLinje_Foreloebig|forretningsproces|fme_varchar(42)|xml_char(42)|fme_varchar(42)|42|50
StrandbeskyttelseLinje_Gaeldende|forretningsproces|fme_varchar(42)|xml_char(42)|fme_varchar(42)|42|50
Skelpunkt_Foreloebig|punktKlasse|fme_varchar(42)|xml_char(42)|fme_varchar(42)|42|50
Skelpunkt_Gaeldende|punktKlasse|fme_varchar(42)|xml_char(42)|fme_varchar(42)|42|50
Skelpunkt_Foreloebig|indlaegningstype|fme_varchar(49)|xml_char(49)|fme_varchar(49)|49|50
Skelpunkt_Gaeldende|indlaegningstype|fme_varchar(49)|xml_char(49)|fme_varchar(49)|49|50
Jordstykke_Foreloebig|arealberegningsmetode|fme_varchar(57)|xml_char(57)|fme_varchar(57)|57|100
Jordstykke_Gaeldende|arealberegningsmetode|fme_varchar(57)|xml_char(57)|fme_varchar(57)|57|100
Jordstykke_Foreloebig|fredskov.omfang|fme_varchar(6)|xml_char(6)|fme_varchar(6)|6|50
Jordstykke_Gaeldende|fredskov.omfang|fme_varchar(6)|xml_char(6)|fme_varchar(6)|6|50
Jordstykke_Foreloebig|jordrente.omfang|fme_varchar(6)|xml_char(6)|fme_varchar(6)|3|50
Jordstykke_Gaeldende|jordrente.omfang|fme_varchar(6)|xml_char(6)|fme_varchar(6)|3|50
Jordstykke_Foreloebig|klitfredning.omfang|fme_varchar(6)|xml_char(6)|fme_varchar(6)|6|50
Jordstykke_Gaeldende|klitfredning.omfang|fme_varchar(6)|xml_char(6)|fme_varchar(6)|6|50
Jordstykke_Foreloebig|majoratsskov.omfang|fme_varchar(6)|xml_char(6)|fme_varchar(6)|0|0
Jordstykke_Gaeldende|majoratsskov.omfang|fme_varchar(6)|xml_char(6)|fme_varchar(6)|0|0
Jordstykke_Foreloebig|strandbeskyttelse.omfang|fme_varchar(6)|xml_char(6)|fme_varchar(6)|6|50
Jordstykke_Gaeldende|strandbeskyttelse.omfang|fme_varchar(6)|xml_char(6)|fme_varchar(6)|6|50
BygningPaaFremmedGrundFlade_Foreloebig|forretningshaendelse|fme_varchar(76)|xml_char(76)|fme_varchar(76)|75|100
BygningPaaFremmedGrundFlade_Gaeldende|forretningshaendelse|fme_varchar(76)|xml_char(76)|fme_varchar(76)|75|100
BygningPaaFremmedGrundPunkt_Foreloebig|forretningshaendelse|fme_varchar(76)|xml_char(76)|fme_varchar(76)|75|100
BygningPaaFremmedGrundPunkt_Gaeldende|forretningshaendelse|fme_varchar(76)|xml_char(76)|fme_varchar(76)|75|100
Centroide_Foreloebig|forretningshaendelse|fme_varchar(76)|xml_char(76)|fme_varchar(76)|75|100
Centroide_Gaeldende|forretningshaendelse|fme_varchar(76)|xml_char(76)|fme_varchar(76)|75|100
Ejerlejlighed_Foreloebig|forretningshaendelse|fme_varchar(76)|xml_char(76)|fme_varchar(76)|75|100
Ejerlejlighed_Gaeldende|forretningshaendelse|fme_varchar(76)|xml_char(76)|fme_varchar(76)|75|100
Ejerlejlighedslod_Foreloebig|forretningshaendelse|fme_varchar(76)|xml_char(76)|fme_varchar(76)|75|100
Ejerlejlighedslod_Gaeldende|forretningshaendelse|fme_varchar(76)|xml_char(76)|fme_varchar(76)|75|100
Jordstykke_Foreloebig|forretningshaendelse|fme_varchar(76)|xml_char(76)|fme_varchar(76)|75|100
Jordstykke_Gaeldende|forretningshaendelse|fme_varchar(76)|xml_char(76)|fme_varchar(76)|75|100
Matrikelskel_Foreloebig|forretningshaendelse|fme_varchar(76)|xml_char(76)|fme_varchar(76)|75|100
Matrikelskel_Gaeldende|forretningshaendelse|fme_varchar(76)|xml_char(76)|fme_varchar(76)|75|100
Nullinje_Foreloebig|forretningshaendelse|fme_varchar(76)|xml_char(76)|fme_varchar(76)|75|100
Nullinje_Gaeldende|forretningshaendelse|fme_varchar(76)|xml_char(76)|fme_varchar(76)|75|100
OptagetVej_Foreloebig|forretningshaendelse|fme_varchar(76)|xml_char(76)|fme_varchar(76)|75|100
OptagetVej_Gaeldende|forretningshaendelse|fme_varchar(76)|xml_char(76)|fme_varchar(76)|75|100
SamletFastEjendom_Foreloebig|forretningshaendelse|fme_varchar(76)|xml_char(76)|fme_varchar(76)|75|100
SamletFastEjendom_Gaeldende|forretningshaendelse|fme_varchar(76)|xml_char(76)|fme_varchar(76)|75|100
Skelpunkt_Foreloebig|forretningshaendelse|fme_varchar(76)|xml_char(76)|fme_varchar(76)|75|100
Skelpunkt_Gaeldende|forretningshaendelse|fme_varchar(76)|xml_char(76)|fme_varchar(76)|75|100
Lodflade_Foreloebig|forretningshaendelse|fme_varchar(76)|xml_char(76)|fme_varchar(76)|75|100
Lodflade_Gaeldende|forretningshaendelse|fme_varchar(76)|xml_char(76)|fme_varchar(76)|75|100
FredskovFlade_Foreloebig|forretningshaendelse|fme_varchar(76)|xml_char(76)|fme_varchar(76)|75|100
FredskovFlade_Gaeldende|forretningshaendelse|fme_varchar(76)|xml_char(76)|fme_varchar(76)|75|100
FredskovLinje_Foreloebig|forretningshaendelse|fme_varchar(76)|xml_char(76)|fme_varchar(76)|75|100
FredskovLinje_Gaeldende|forretningshaendelse|fme_varchar(76)|xml_char(76)|fme_varchar(76)|75|100
KlitfredningFlade_Foreloebig|forretningshaendelse|fme_varchar(76)|xml_char(76)|fme_varchar(76)|75|100
KlitfredningFlade_Gaeldende|forretningshaendelse|fme_varchar(76)|xml_char(76)|fme_varchar(76)|75|100
KlitfredningLinje_Foreloebig|forretningshaendelse|fme_varchar(76)|xml_char(76)|fme_varchar(76)|75|100
KlitfredningLinje_Gaeldende|forretningshaendelse|fme_varchar(76)|xml_char(76)|fme_varchar(76)|75|100
StrandbeskyttelseFlade_Foreloebig|forretningshaendelse|fme_varchar(76)|xml_char(76)|fme_varchar(76)|75|100
StrandbeskyttelseFlade_Gaeldende|forretningshaendelse|fme_varchar(76)|xml_char(76)|fme_varchar(76)|75|100
StrandbeskyttelseLinje_Foreloebig|forretningshaendelse|fme_varchar(76)|xml_char(76)|fme_varchar(76)|75|100
StrandbeskyttelseLinje_Gaeldende|forretningshaendelse|fme_varchar(76)|xml_char(76)|fme_varchar(76)|75|100
Matrikelskel_Foreloebig|produktionsmetode|fme_varchar(78)|xml_char(78)|fme_varchar(78)|78|100
Matrikelskel_Gaeldende|produktionsmetode|fme_varchar(78)|xml_char(78)|fme_varchar(78)|78|100
OptagetVej_Foreloebig|produktionsmetode|fme_varchar(78)|xml_char(78)|fme_varchar(78)|78|100
OptagetVej_Gaeldende|produktionsmetode|fme_varchar(78)|xml_char(78)|fme_varchar(78)|78|100
Skelpunkt_Foreloebig|produktionsmetode|fme_varchar(78)|xml_char(78)|fme_varchar(78)|78|100
Skelpunkt_Gaeldende|produktionsmetode|fme_varchar(78)|xml_char(78)|fme_varchar(78)|78|100
MatrikulaerSag_Afsluttet|forretningsomraade|fme_varchar(8)|xml_char(8)|fme_varchar(8)|0|0
MatrikulaerSag_Igangvaerende|forretningsomraade|fme_varchar(8)|xml_char(8)|fme_varchar(8)|0|0
OptagetVej_Foreloebig|vejtype|fme_varchar(8)|xml_char(8)|fme_varchar(8)|8|50
OptagetVej_Gaeldende|vejtype|fme_varchar(8)|xml_char(8)|fme_varchar(8)|8|50
Jordstykke_Foreloebig|vandarealinkludering|fme_varchar(9)|xml_char(9)|fme_varchar(9)|9|50
Jordstykke_Gaeldende|vandarealinkludering|fme_varchar(9)|xml_char(9)|fme_varchar(9)|9|50
